[INFO: 2026-06-02 01:17:01: eoutils.S1Processor] Calibration and thermal noise removal...
[INFO: 2026-06-02 01:17:06: eoutils.S1Processor] Converting to dB...
[INFO: 2026-06-02 01:17:07: eoutils.S1Processor] Processing finished in 14.33s.
[INFO: 2026-06-02 01:17:12: eoutils.S1Processor] Processesing started for S1A_EW_GRDM_1SDH_20210209T104100_20210209T104200_036512_044992_52DD.SAFE.zip
[INFO: 2026-06-02 01:17:12: eoutils.S1Processor] Processing band 1/2: HH
[INFO: 2026-06-02 01:17:14: eoutils.S1Processor] Calibration and thermal noise removal...
[INFO: 2026-06-02 01:17:18: eoutils.S1Processor] Converting to dB...
[INFO: 2026-06-02 01:17:19: eoutils.S1Processor] Processing band 2/2: HV
[INFO: 2026-06-02 01:17:21: eoutils.S1Processor] Calibration and thermal noise removal...
[INFO: 2026-06-02 01:17:25: eoutils.S1Processor] Converting to dB...
[INFO: 2026-06-02 01:17:26: eoutils.S1Processor] Processing finished in 13.86s.
100%|██████████████████████████████████████████████████████████████████████████████████████████████████████████████████████████████████████| 1/1 [00:00<00:00,  2.00it/s]
Processing row 503
[INFO: 2026-06-02 01:20:02: eoutils.S1Processor] Processesing started for S1B_EW_GRDM_1SDH_20210208T203042_20210208T203142_025520_030A73_B3B5.SAFE.zip
[INFO: 2026-06-02 01:20:02: eoutils.S1Processor] Processing band 1/2: HH
[INFO: 2026-06-02 01:20:04: eoutils.S1Processor] Calibration and thermal noise removal...
[INFO: 2026-06-02 01:20:11: eoutils.S1Processor] Converting to dB...
[INFO: 2026-06-02 01:20:12: eoutils.S1Processor] Processing band 2/2: HV
[INFO: 2026-06-02 01:20:14: eoutils.S1Processor] Calibration and thermal noise removal...
[INFO: 2026-06-02 01:20:21: eoutils.S1Processor] Converting to dB...
[INFO: 2026-06-02 01:20:22: eoutils.S1Processor] Processing finished in 19.57s.
[INFO: 2026-06-02 01:20:27: eoutils.S1Processor] Processesing started for S1A_EW_GRDM_1SDH_20210209T104100_20210209T104200_036512_044992_52DD.SAFE.zip
[INFO: 2026-06-02 01:20:27: eoutils.S1Processor] Processing band 1/2: HH
[INFO: 2026-06-02 01:20:28: eoutils.S1Processor] Calibration and thermal noise removal...
[INFO: 2026-06-02 01:20:32: eoutils.S1Processor] Converting to dB...
[INFO: 2026-06-02 01:20:32: eoutils.S1Processor] Processing band 2/2: HV
[INFO: 2026-06-02 01:20:33: eoutils.S1Processor] Calibration and thermal noise removal...
[INFO: 2026-06-02 01:20:37: eoutils.S1Processor] Converting to dB...
[INFO: 2026-06-02 01:20:38: eoutils.S1Processor] Processing finished in 10.77s.
100%|██████████████████████████████████████████████████████████████████████████████████████████████████████████████████████████████████████| 2/2 [00:00<00:00,  2.48it/s]
Processing row 504
[INFO: 2026-06-02 01:23:16: eoutils.S1Processor] Processesing started for S1B_EW_GRDM_1SDH_20210210T103313_20210210T103358_025543_030B2C_E0F8.SAFE.zip
[INFO: 2026-06-02 01:23:16: eoutils.S1Processor] Processing band 1/2: HH
[INFO: 2026-06-02 01:23:17: eoutils.S1Processor] Calibration and thermal noise removal...
[INFO: 2026-06-02 01:23:21: eoutils.S1Processor] Converting to dB...
[INFO: 2026-06-02 01:23:22: eoutils.S1Processor] Processing band 2/2: HV
[INFO: 2026-06-02 01:23:23: eoutils.S1Processor] Calibration and thermal noise removal...
[INFO: 2026-06-02 01:23:26: eoutils.S1Processor] Converting to dB...
[INFO: 2026-06-02 01:23:27: eoutils.S1Processor] Processing finished in 11.32s.
[INFO: 2026-06-02 01:23:32: eoutils.S1Processor] Processesing started for S1A_EW_GRDM_1SDH_20210209T104200_20210209T104300_036512_044992_4F0C.SAFE.zip
[INFO: 2026-06-02 01:23:32: eoutils.S1Processor] Processing band 1/2: HH
[INFO: 2026-06-02 01:23:34: eoutils.S1Processor] Calibration and thermal noise removal...
[INFO: 2026-06-02 01:23:38: eoutils.S1Processor] Converting to dB...
[INFO: 2026-06-02 01:23:38: eoutils.S1Processor] Processing band 2/2: HV
[INFO: 2026-06-02 01:23:40: eoutils.S1Processor] Calibration and thermal noise removal...
[INFO: 2026-06-02 01:23:44: eoutils.S1Processor] Converting to dB...
[INFO: 2026-06-02 01:23:45: eoutils.S1Processor] Processing finished in 13.22s.
100%|██████████████████████████████████████████████████████████████████████████████████████████████████████████████████████████████████████| 2/2 [00:01<00:00,  1.44it/s]
Processing row 505
[INFO: 2026-06-02 01:26:08: eoutils.S1Processor] Processesing started for S1A_EW_GRDM_1SDH_20210208T211942_20210208T212042_036504_044959_26C7.SAFE.zip
[INFO: 2026-06-02 01:26:08: eoutils.S1Processor] Processing band 1/2: HH
[INFO: 2026-06-02 01:26:10: eoutils.S1Processor] Calibration and thermal noise removal...
[INFO: 2026-06-02 01:26:14: eoutils.S1Processor] Converting to dB...
[INFO: 2026-06-02 01:26:15: eoutils.S1Processor] Processing band 2/2: HV
[INFO: 2026-06-02 01:26:16: eoutils.S1Processor] Calibration and thermal noise removal...
[INFO: 2026-06-02 01:26:20: eoutils.S1Processor] Converting to dB...
[INFO: 2026-06-02 01:26:21: eoutils.S1Processor] Processing finished in 13.06s.
[INFO: 2026-06-02 01:26:27: eoutils.S1Processor] Processesing started for S1A_EW_GRDM_1SDH_20210209T104200_20210209T104300_036512_044992_4F0C.SAFE.zip
[INFO: 2026-06-02 01:26:27: eoutils.S1Processor] Processing band 1/2: HH
[INFO: 2026-06-02 01:26:27: eoutils.S1Processor] Calibration and thermal noise removal...
[INFO: 2026-06-02 01:26:31: eoutils.S1Processor] Converting to dB...
[INFO: 2026-06-02 01:26:32: eoutils.S1Processor] Processing band 2/2: HV
[INFO: 2026-06-02 01:26:32: eoutils.S1Processor] Calibration and thermal noise removal...
[INFO: 2026-06-02 01:26:36: eoutils.S1Processor] Converting to dB...
[INFO: 2026-06-02 01:26:38: eoutils.S1Processor] Processing finished in 11.04s.
100%|██████████████████████████████████████████████████████████████████████████████████████████████████████████████████████████████████████| 2/2 [00:01<00:00,  1.93it/s]
Processing row 506
[INFO: 2026-06-02 01:29:21: eoutils.S1Processor] Processesing started for S1A_EW_GRDM_1SDH_20210211T120104_20210211T120209_036542_044AA2_9BDD.SAFE.zip
[INFO: 2026-06-02 01:29:21: eoutils.S1Processor] Processing band 1/2: HH
[INFO: 2026-06-02 01:29:22: eoutils.S1Processor] Calibration and thermal noise removal...
[INFO: 2026-06-02 01:29:26: eoutils.S1Processor] Converting to dB...
[INFO: 2026-06-02 01:29:27: eoutils.S1Processor] Processing band 2/2: HV
[INFO: 2026-06-02 01:29:29: eoutils.S1Processor] Calibration and thermal noise removal...
[INFO: 2026-06-02 01:29:32: eoutils.S1Processor] Converting to dB...
[INFO: 2026-06-02 01:29:34: eoutils.S1Processor] Processing finished in 12.97s.
[INFO: 2026-06-02 01:29:39: eoutils.S1Processor] Processesing started for S1B_EW_GRDM_1SDH_20210210T120923_20210210T121023_025544_030B36_2395.SAFE.zip
[INFO: 2026-06-02 01:29:39: eoutils.S1Processor] Processing band 1/2: HH
[INFO: 2026-06-02 01:29:41: eoutils.S1Processor] Calibration and thermal noise removal...
[INFO: 2026-06-02 01:29:45: eoutils.S1Processor] Converting to dB...
[INFO: 2026-06-02 01:29:46: eoutils.S1Processor] Processing band 2/2: HV
[INFO: 2026-06-02 01:29:47: eoutils.S1Processor] Calibration and thermal noise removal...
[INFO: 2026-06-02 01:29:51: eoutils.S1Processor] Converting to dB...
[INFO: 2026-06-02 01:29:53: eoutils.S1Processor] Processing finished in 13.30s.
100%|██████████████████████████████████████████████████████████████████████████████████████████████████████████████████████████████████████| 8/8 [00:03<00:00,  2.51it/s]
Processing row 507
[INFO: 2026-06-02 01:32:39: eoutils.S1Processor] Processesing started for S1A_EW_GRDM_1SDH_20210210T112044_20210210T112148_036527_044A17_FD91.SAFE.zip
[INFO: 2026-06-02 01:32:39: eoutils.S1Processor] Processing band 1/2: HH
[INFO: 2026-06-02 01:32:41: eoutils.S1Processor] Calibration and thermal noise removal...
[INFO: 2026-06-02 01:32:46: eoutils.S1Processor] Converting to dB...
[INFO: 2026-06-02 01:32:46: eoutils.S1Processor] Processing band 2/2: HV
[INFO: 2026-06-02 01:32:48: eoutils.S1Processor] Calibration and thermal noise removal...
[INFO: 2026-06-02 01:32:52: eoutils.S1Processor] Converting to dB...
[INFO: 2026-06-02 01:32:53: eoutils.S1Processor] Processing finished in 14.57s.
[INFO: 2026-06-02 01:32:59: eoutils.S1Processor] Processesing started for S1B_EW_GRDM_1SDH_20210210T120923_20210210T121023_025544_030B36_2395.SAFE.zip
[INFO: 2026-06-02 01:32:59: eoutils.S1Processor] Processing band 1/2: HH
[INFO: 2026-06-02 01:32:59: eoutils.S1Processor] Calibration and thermal noise removal...
[INFO: 2026-06-02 01:33:03: eoutils.S1Processor] Converting to dB...
[INFO: 2026-06-02 01:33:04: eoutils.S1Processor] Processing band 2/2: HV
[INFO: 2026-06-02 01:33:04: eoutils.S1Processor] Calibration and thermal noise removal...
[INFO: 2026-06-02 01:33:09: eoutils.S1Processor] Converting to dB...
[INFO: 2026-06-02 01:33:10: eoutils.S1Processor] Processing finished in 11.15s.
100%|██████████████████████████████████████████████████████████████████████████████████████████████████████████████████████████████████████| 5/5 [00:01<00:00,  2.91it/s]
Processing row 508
[INFO: 2026-06-02 01:36:05: eoutils.S1Processor] Processesing started for S1A_EW_GRDM_1SDH_20210210T080344_20210210T080444_036525_044A00_3D80.SAFE.zip
[INFO: 2026-06-02 01:36:05: eoutils.S1Processor] Processing band 1/2: HH
[INFO: 2026-06-02 01:36:07: eoutils.S1Processor] Calibration and thermal noise removal...
[INFO: 2026-06-02 01:36:11: eoutils.S1Processor] Converting to dB...
[INFO: 2026-06-02 01:36:12: eoutils.S1Processor] Processing band 2/2: HV
[INFO: 2026-06-02 01:36:13: eoutils.S1Processor] Calibration and thermal noise removal...
[INFO: 2026-06-02 01:36:18: eoutils.S1Processor] Converting to dB...
[INFO: 2026-06-02 01:36:20: eoutils.S1Processor] Processing finished in 14.44s.
[INFO: 2026-06-02 01:36:26: eoutils.S1Processor] Processesing started for S1B_EW_GRDM_1SDH_20210210T183610_20210210T183710_025548_030B57_8C33.SAFE.zip
[INFO: 2026-06-02 01:36:26: eoutils.S1Processor] Processing band 1/2: HH
[INFO: 2026-06-02 01:36:28: eoutils.S1Processor] Calibration and thermal noise removal...
[INFO: 2026-06-02 01:36:34: eoutils.S1Processor] Converting to dB...
[INFO: 2026-06-02 01:36:35: eoutils.S1Processor] Processing band 2/2: HV
[INFO: 2026-06-02 01:36:36: eoutils.S1Processor] Calibration and thermal noise removal...
[INFO: 2026-06-02 01:36:43: eoutils.S1Processor] Converting to dB...
[INFO: 2026-06-02 01:36:45: eoutils.S1Processor] Processing finished in 19.52s.
100%|████████████████████████████████████████████████████████████████████████████████████████████████████████████████████████████████████| 14/14 [00:06<00:00,  2.21it/s]
Processing row 509
[INFO: 2026-06-02 01:39:30: eoutils.S1Processor] Processesing started for S1A_EW_GRDM_1SDH_20210211T084307_20210211T084337_036540_044A8E_2545.SAFE.zip
[INFO: 2026-06-02 01:39:30: eoutils.S1Processor] Processing band 1/2: HH
[INFO: 2026-06-02 01:39:31: eoutils.S1Processor] Calibration and thermal noise removal...
[INFO: 2026-06-02 01:39:33: eoutils.S1Processor] Converting to dB...
[INFO: 2026-06-02 01:39:34: eoutils.S1Processor] Processing band 2/2: HV
[INFO: 2026-06-02 01:39:34: eoutils.S1Processor] Calibration and thermal noise removal...
[INFO: 2026-06-02 01:39:37: eoutils.S1Processor] Converting to dB...
[INFO: 2026-06-02 01:39:38: eoutils.S1Processor] Processing finished in 7.89s.
[INFO: 2026-06-02 01:39:43: eoutils.S1Processor] Processesing started for S1B_EW_GRDM_1SDH_20210211T093055_20210211T093155_025557_030B96_3823.SAFE.zip
[INFO: 2026-06-02 01:39:43: eoutils.S1Processor] Processing band 1/2: HH
[INFO: 2026-06-02 01:39:44: eoutils.S1Processor] Calibration and thermal noise removal...
[INFO: 2026-06-02 01:39:49: eoutils.S1Processor] Converting to dB...
[INFO: 2026-06-02 01:39:49: eoutils.S1Processor] Processing band 2/2: HV
[INFO: 2026-06-02 01:39:51: eoutils.S1Processor] Calibration and thermal noise removal...
[INFO: 2026-06-02 01:39:55: eoutils.S1Processor] Converting to dB...
[INFO: 2026-06-02 01:39:56: eoutils.S1Processor] Processing finished in 13.32s.
100%|██████████████████████████████████████████████████████████████████████████████████████████████████████████████████████████████████████| 6/6 [00:02<00:00,  2.64it/s]
Processing row 510
[INFO: 2026-06-02 01:41:43: eoutils.RCMProcessor] Processesing started for RCM3_OK1352580_PK1488774_1_SCLNA_20210211_203913_HH_HV_GRD.zip
[INFO: 2026-06-02 01:41:43: eoutils.RCMProcessor] Processing band 1/2: HH
[INFO: 2026-06-02 01:41:44: eoutils.RCMProcessor] Calibration...
[INFO: 2026-06-02 01:41:44: eoutils.RCMProcessor] Removing thermal noise...
[INFO: 2026-06-02 01:41:46: eoutils.RCMProcessor] Converting to dB...
[INFO: 2026-06-02 01:41:46: eoutils.RCMProcessor] Processing band 2/2: HV
[INFO: 2026-06-02 01:41:47: eoutils.RCMProcessor] Calibration...
[INFO: 2026-06-02 01:41:48: eoutils.RCMProcessor] Removing thermal noise...
[INFO: 2026-06-02 01:41:50: eoutils.RCMProcessor] Converting to dB...
[INFO: 2026-06-02 01:41:52: eoutils.RCMProcessor] Processing finished in 8.96s.
[INFO: 2026-06-02 01:41:58: eoutils.S1Processor] Processesing started for S1B_EW_GRDM_1SDH_20210211T205223_20210211T205323_025564_030BD4_BDDE.SAFE.zip
[INFO: 2026-06-02 01:41:58: eoutils.S1Processor] Processing band 1/2: HH
[INFO: 2026-06-02 01:42:00: eoutils.S1Processor] Calibration and thermal noise removal...
[INFO: 2026-06-02 01:42:07: eoutils.S1Processor] Converting to dB...
[INFO: 2026-06-02 01:42:08: eoutils.S1Processor] Processing band 2/2: HV
[INFO: 2026-06-02 01:42:10: eoutils.S1Processor] Calibration and thermal noise removal...
[INFO: 2026-06-02 01:42:17: eoutils.S1Processor] Converting to dB...
[INFO: 2026-06-02 01:42:20: eoutils.S1Processor] Processing finished in 21.35s.
No valid patches for row 510
Processing row 511
[INFO: 2026-06-02 01:44:29: eoutils.S1Processor] Processesing started for S1A_EW_GRDM_1SDH_20210211T102433_20210211T102538_036541_044A98_2AE6.SAFE.zip
[INFO: 2026-06-02 01:44:29: eoutils.S1Processor] Processing band 1/2: HH
[INFO: 2026-06-02 01:44:31: eoutils.S1Processor] Calibration and thermal noise removal...
[INFO: 2026-06-02 01:44:36: eoutils.S1Processor] Converting to dB...
[INFO: 2026-06-02 01:44:37: eoutils.S1Processor] Processing band 2/2: HV
[INFO: 2026-06-02 01:44:39: eoutils.S1Processor] Calibration and thermal noise removal...
[INFO: 2026-06-02 01:44:43: eoutils.S1Processor] Converting to dB...
[INFO: 2026-06-02 01:44:44: eoutils.S1Processor] Processing finished in 14.67s.
[INFO: 2026-06-02 01:44:50: eoutils.S1Processor] Processesing started for S1B_EW_GRDM_1SDH_20210211T205423_20210211T205523_025564_030BD4_378F.SAFE.zip
[INFO: 2026-06-02 01:44:50: eoutils.S1Processor] Processing band 1/2: HH
[INFO: 2026-06-02 01:44:51: eoutils.S1Processor] Calibration and thermal noise removal...
[INFO: 2026-06-02 01:44:56: eoutils.S1Processor] Converting to dB...
[INFO: 2026-06-02 01:44:56: eoutils.S1Processor] Processing band 2/2: HV
[INFO: 2026-06-02 01:44:58: eoutils.S1Processor] Calibration and thermal noise removal...
[INFO: 2026-06-02 01:45:02: eoutils.S1Processor] Converting to dB...
[INFO: 2026-06-02 01:45:04: eoutils.S1Processor] Processing finished in 13.84s.
No valid patches for row 511
Processing row 512
[INFO: 2026-06-02 01:47:55: eoutils.S1Processor] Processesing started for S1A_EW_GRDM_1SDH_20210213T114441_20210213T114546_036571_044BAB_42DA.SAFE.zip
[INFO: 2026-06-02 01:47:55: eoutils.S1Processor] Processing band 1/2: HH
[INFO: 2026-06-02 01:47:57: eoutils.S1Processor] Calibration and thermal noise removal...
[INFO: 2026-06-02 01:48:03: eoutils.S1Processor] Converting to dB...
[INFO: 2026-06-02 01:48:03: eoutils.S1Processor] Processing band 2/2: HV
[INFO: 2026-06-02 01:48:05: eoutils.S1Processor] Calibration and thermal noise removal...
[INFO: 2026-06-02 01:48:09: eoutils.S1Processor] Converting to dB...
[INFO: 2026-06-02 01:48:10: eoutils.S1Processor] Processing finished in 15.84s.
[INFO: 2026-06-02 01:48:16: eoutils.S1Processor] Processesing started for S1B_EW_GRDM_1SDH_20210212T115300_20210212T115400_025573_030C23_C31F.SAFE.zip
[INFO: 2026-06-02 01:48:16: eoutils.S1Processor] Processing band 1/2: HH
[INFO: 2026-06-02 01:48:18: eoutils.S1Processor] Calibration and thermal noise removal...
[INFO: 2026-06-02 01:48:22: eoutils.S1Processor] Converting to dB...
[INFO: 2026-06-02 01:48:23: eoutils.S1Processor] Processing band 2/2: HV
[INFO: 2026-06-02 01:48:24: eoutils.S1Processor] Calibration and thermal noise removal...
[INFO: 2026-06-02 01:48:29: eoutils.S1Processor] Converting to dB...
[INFO: 2026-06-02 01:48:30: eoutils.S1Processor] Processing finished in 13.83s.
100%|██████████████████████████████████████████████████████████████████████████████████████████████████████████████████████████████████████| 6/6 [00:02<00:00,  2.70it/s]
Processing row 513
[INFO: 2026-06-02 01:51:17: eoutils.S1Processor] Processesing started for S1B_EW_GRDM_1SDH_20210212T115300_20210212T115400_025573_030C23_E1F3.SAFE.zip
[INFO: 2026-06-02 01:51:17: eoutils.S1Processor] Processing band 1/2: HH
[INFO: 2026-06-02 01:51:19: eoutils.S1Processor] Calibration and thermal noise removal...
[INFO: 2026-06-02 01:51:24: eoutils.S1Processor] Converting to dB...
[INFO: 2026-06-02 01:51:25: eoutils.S1Processor] Processing band 2/2: HV
[INFO: 2026-06-02 01:51:27: eoutils.S1Processor] Calibration and thermal noise removal...
[INFO: 2026-06-02 01:51:32: eoutils.S1Processor] Converting to dB...
[INFO: 2026-06-02 01:51:34: eoutils.S1Processor] Processing finished in 17.51s.
[INFO: 2026-06-02 01:51:40: eoutils.S1Processor] Processesing started for S1B_EW_GRDM_1SDH_20210212T115300_20210212T115400_025573_030C23_C31F.SAFE.zip
[INFO: 2026-06-02 01:51:40: eoutils.S1Processor] Processing band 1/2: HH
[INFO: 2026-06-02 01:51:40: eoutils.S1Processor] Calibration and thermal noise removal...
[INFO: 2026-06-02 01:51:45: eoutils.S1Processor] Converting to dB...
[INFO: 2026-06-02 01:51:45: eoutils.S1Processor] Processing band 2/2: HV
[INFO: 2026-06-02 01:51:46: eoutils.S1Processor] Calibration and thermal noise removal...
[INFO: 2026-06-02 01:51:50: eoutils.S1Processor] Converting to dB...
[INFO: 2026-06-02 01:51:51: eoutils.S1Processor] Processing finished in 11.32s.
100%|████████████████████████████████████████████████████████████████████████████████████████████████████████████████████████████████████| 12/12 [00:05<00:00,  2.40it/s]
Processing row 514
[INFO: 2026-06-02 01:54:38: eoutils.S1Processor] Processesing started for S1A_EW_GRDM_1SDH_20210215T081317_20210215T081417_036598_044CAF_C6DB.SAFE.zip
[INFO: 2026-06-02 01:54:38: eoutils.S1Processor] Processing band 1/2: HH
[INFO: 2026-06-02 01:54:39: eoutils.S1Processor] Calibration and thermal noise removal...
[INFO: 2026-06-02 01:54:45: eoutils.S1Processor] Converting to dB...
[INFO: 2026-06-02 01:54:46: eoutils.S1Processor] Processing band 2/2: HV
[INFO: 2026-06-02 01:54:47: eoutils.S1Processor] Calibration and thermal noise removal...
[INFO: 2026-06-02 01:54:52: eoutils.S1Processor] Converting to dB...
[INFO: 2026-06-02 01:54:53: eoutils.S1Processor] Processing finished in 15.90s.
[INFO: 2026-06-02 01:54:59: eoutils.S1Processor] Processesing started for S1A_EW_GRDM_1SDH_20210214T185202_20210214T185306_036590_044C66_B8F6.SAFE.zip
[INFO: 2026-06-02 01:54:59: eoutils.S1Processor] Processing band 1/2: HH
[INFO: 2026-06-02 01:55:01: eoutils.S1Processor] Calibration and thermal noise removal...
[INFO: 2026-06-02 01:55:05: eoutils.S1Processor] Converting to dB...
[INFO: 2026-06-02 01:55:05: eoutils.S1Processor] Processing band 2/2: HV
[INFO: 2026-06-02 01:55:07: eoutils.S1Processor] Calibration and thermal noise removal...
[INFO: 2026-06-02 01:55:11: eoutils.S1Processor] Converting to dB...
[INFO: 2026-06-02 01:55:12: eoutils.S1Processor] Processing finished in 13.07s.
100%|████████████████████████████████████████████████████████████████████████████████████████████████████████████████████████████████████| 19/19 [00:07<00:00,  2.57it/s]
Processing row 515
[INFO: 2026-06-02 01:58:09: eoutils.S1Processor] Processesing started for S1B_EW_GRDM_1SDH_20210214T082023_20210214T082123_025600_030CF9_B7CD.SAFE.zip
[INFO: 2026-06-02 01:58:09: eoutils.S1Processor] Processing band 1/2: HH
[INFO: 2026-06-02 01:58:11: eoutils.S1Processor] Calibration and thermal noise removal...
[INFO: 2026-06-02 01:58:15: eoutils.S1Processor] Converting to dB...
[INFO: 2026-06-02 01:58:16: eoutils.S1Processor] Processing band 2/2: HV
[INFO: 2026-06-02 01:58:17: eoutils.S1Processor] Calibration and thermal noise removal...
[INFO: 2026-06-02 01:58:22: eoutils.S1Processor] Converting to dB...
[INFO: 2026-06-02 01:58:23: eoutils.S1Processor] Processing finished in 13.84s.
[INFO: 2026-06-02 01:58:28: eoutils.S1Processor] Processesing started for S1A_EW_GRDM_1SDH_20210214T185202_20210214T185306_036590_044C66_B8F6.SAFE.zip
[INFO: 2026-06-02 01:58:28: eoutils.S1Processor] Processing band 1/2: HH
[INFO: 2026-06-02 01:58:29: eoutils.S1Processor] Calibration and thermal noise removal...
[INFO: 2026-06-02 01:58:33: eoutils.S1Processor] Converting to dB...
[INFO: 2026-06-02 01:58:33: eoutils.S1Processor] Processing band 2/2: HV
[INFO: 2026-06-02 01:58:34: eoutils.S1Processor] Calibration and thermal noise removal...
[INFO: 2026-06-02 01:58:38: eoutils.S1Processor] Converting to dB...
[INFO: 2026-06-02 01:58:39: eoutils.S1Processor] Processing finished in 10.50s.
100%|████████████████████████████████████████████████████████████████████████████████████████████████████████████████████████████████████| 22/22 [00:09<00:00,  2.23it/s]
Processing row 516
[INFO: 2026-06-02 02:01:32: eoutils.S1Processor] Processesing started for S1A_EW_GRDM_1SDH_20210215T112809_20210215T112914_036600_044CC2_B993.SAFE.zip
[INFO: 2026-06-02 02:01:32: eoutils.S1Processor] Processing band 1/2: HH
[INFO: 2026-06-02 02:01:34: eoutils.S1Processor] Calibration and thermal noise removal...
[INFO: 2026-06-02 02:01:38: eoutils.S1Processor] Converting to dB...
[INFO: 2026-06-02 02:01:39: eoutils.S1Processor] Processing band 2/2: HV
[INFO: 2026-06-02 02:01:42: eoutils.S1Processor] Calibration and thermal noise removal...
[INFO: 2026-06-02 02:01:46: eoutils.S1Processor] Converting to dB...
[INFO: 2026-06-02 02:01:47: eoutils.S1Processor] Processing finished in 15.45s.
[INFO: 2026-06-02 02:01:52: eoutils.S1Processor] Processesing started for S1B_EW_GRDM_1SDH_20210214T212145_20210214T212239_025608_030D45_E1C2.SAFE.zip
[INFO: 2026-06-02 02:01:52: eoutils.S1Processor] Processing band 1/2: HH
[INFO: 2026-06-02 02:01:54: eoutils.S1Processor] Calibration and thermal noise removal...
[INFO: 2026-06-02 02:01:58: eoutils.S1Processor] Converting to dB...
[INFO: 2026-06-02 02:01:59: eoutils.S1Processor] Processing band 2/2: HV
[INFO: 2026-06-02 02:02:00: eoutils.S1Processor] Calibration and thermal noise removal...
[INFO: 2026-06-02 02:02:04: eoutils.S1Processor] Converting to dB...
[INFO: 2026-06-02 02:02:05: eoutils.S1Processor] Processing finished in 12.57s.
100%|██████████████████████████████████████████████████████████████████████████████████████████████████████████████████████████████████████| 5/5 [00:01<00:00,  2.77it/s]
Processing row 517
[INFO: 2026-06-02 02:04:41: eoutils.S1Processor] Processesing started for S1A_EW_GRDM_1SDH_20210218T102040_20210218T102104_036643_044E2C_66A6.SAFE.zip
[INFO: 2026-06-02 02:04:41: eoutils.S1Processor] Processing band 1/2: HH
[INFO: 2026-06-02 02:04:42: eoutils.S1Processor] Calibration and thermal noise removal...
[INFO: 2026-06-02 02:04:44: eoutils.S1Processor] Converting to dB...
[INFO: 2026-06-02 02:04:44: eoutils.S1Processor] Processing band 2/2: HV
[INFO: 2026-06-02 02:04:44: eoutils.S1Processor] Calibration and thermal noise removal...
[INFO: 2026-06-02 02:04:46: eoutils.S1Processor] Converting to dB...
[INFO: 2026-06-02 02:04:47: eoutils.S1Processor] Processing finished in 5.26s.
[INFO: 2026-06-02 02:04:52: eoutils.S1Processor] Processesing started for S1B_EW_GRDM_1SDH_20210217T214042_20210217T214146_025652_030EC9_C42B.SAFE.zip
[INFO: 2026-06-02 02:04:52: eoutils.S1Processor] Processing band 1/2: HH
[INFO: 2026-06-02 02:04:53: eoutils.S1Processor] Calibration and thermal noise removal...
[INFO: 2026-06-02 02:04:58: eoutils.S1Processor] Converting to dB...
[INFO: 2026-06-02 02:04:58: eoutils.S1Processor] Processing band 2/2: HV
[INFO: 2026-06-02 02:05:00: eoutils.S1Processor] Calibration and thermal noise removal...
[INFO: 2026-06-02 02:05:05: eoutils.S1Processor] Converting to dB...
[INFO: 2026-06-02 02:05:06: eoutils.S1Processor] Processing finished in 14.08s.
100%|██████████████████████████████████████████████████████████████████████████████████████████████████████████████████████████████████████| 6/6 [00:02<00:00,  2.57it/s]
Processing row 518
[INFO: 2026-06-02 02:06:58: eoutils.S1Processor] Processesing started for S1B_EW_GRDM_1SDH_20210218T110048_20210218T110148_025660_030F0C_310E.SAFE.zip
[INFO: 2026-06-02 02:06:58: eoutils.S1Processor] Processing band 1/2: HH
[INFO: 2026-06-02 02:06:59: eoutils.S1Processor] Calibration and thermal noise removal...
[INFO: 2026-06-02 02:07:04: eoutils.S1Processor] Converting to dB...
[INFO: 2026-06-02 02:07:04: eoutils.S1Processor] Processing band 2/2: HV
[INFO: 2026-06-02 02:07:06: eoutils.S1Processor] Calibration and thermal noise removal...
[INFO: 2026-06-02 02:07:10: eoutils.S1Processor] Converting to dB...
[INFO: 2026-06-02 02:07:11: eoutils.S1Processor] Processing finished in 13.42s.
[INFO: 2026-06-02 02:07:17: eoutils.S1Processor] Processesing started for S1B_EW_GRDM_1SDH_20210218T092207_20210218T092307_025659_030F01_8B4A.SAFE.zip
[INFO: 2026-06-02 02:07:17: eoutils.S1Processor] Processing band 1/2: HH
[INFO: 2026-06-02 02:07:18: eoutils.S1Processor] Calibration and thermal noise removal...
[INFO: 2026-06-02 02:07:22: eoutils.S1Processor] Converting to dB...
[INFO: 2026-06-02 02:07:23: eoutils.S1Processor] Processing band 2/2: HV
[INFO: 2026-06-02 02:07:24: eoutils.S1Processor] Calibration and thermal noise removal...
[INFO: 2026-06-02 02:07:29: eoutils.S1Processor] Converting to dB...
[INFO: 2026-06-02 02:07:30: eoutils.S1Processor] Processing finished in 13.31s.
100%|██████████████████████████████████████████████████████████████████████████████████████████████████████████████████████████████████████| 8/8 [00:03<00:00,  2.33it/s]
Processing row 519
[INFO: 2026-06-02 02:09:32: eoutils.S1Processor] Processesing started for S1B_EW_GRDM_1SDH_20210217T165231_20210217T165335_025649_030EB3_7CE9.SAFE.zip
[INFO: 2026-06-02 02:09:32: eoutils.S1Processor] Processing band 1/2: HH
[INFO: 2026-06-02 02:09:34: eoutils.S1Processor] Calibration and thermal noise removal...
[INFO: 2026-06-02 02:09:39: eoutils.S1Processor] Converting to dB...
[INFO: 2026-06-02 02:09:39: eoutils.S1Processor] Processing band 2/2: HV
[INFO: 2026-06-02 02:09:41: eoutils.S1Processor] Calibration and thermal noise removal...
[INFO: 2026-06-02 02:09:45: eoutils.S1Processor] Converting to dB...
[INFO: 2026-06-02 02:09:46: eoutils.S1Processor] Processing finished in 14.49s.
[INFO: 2026-06-02 02:09:52: eoutils.S1Processor] Processesing started for S1B_EW_GRDM_1SDH_20210218T092207_20210218T092307_025659_030F01_8B4A.SAFE.zip
[INFO: 2026-06-02 02:09:52: eoutils.S1Processor] Processing band 1/2: HH
[INFO: 2026-06-02 02:09:52: eoutils.S1Processor] Calibration and thermal noise removal...
[INFO: 2026-06-02 02:09:56: eoutils.S1Processor] Converting to dB...
[INFO: 2026-06-02 02:09:57: eoutils.S1Processor] Processing band 2/2: HV
[INFO: 2026-06-02 02:09:57: eoutils.S1Processor] Calibration and thermal noise removal...
[INFO: 2026-06-02 02:10:02: eoutils.S1Processor] Converting to dB...
[INFO: 2026-06-02 02:10:03: eoutils.S1Processor] Processing finished in 11.38s.
100%|██████████████████████████████████████████████████████████████████████████████████████████████████████████████████████████████████████| 5/5 [00:02<00:00,  2.45it/s]
Processing row 520
[INFO: 2026-06-02 02:12:07: eoutils.S1Processor] Processesing started for S1B_EW_GRDM_1SDH_20210219T082535_20210219T082635_025673_030F6F_A463.SAFE.zip
[INFO: 2026-06-02 02:12:07: eoutils.S1Processor] Processing band 1/2: HH
[INFO: 2026-06-02 02:12:09: eoutils.S1Processor] Calibration and thermal noise removal...
[INFO: 2026-06-02 02:12:13: eoutils.S1Processor] Converting to dB...
[INFO: 2026-06-02 02:12:14: eoutils.S1Processor] Processing band 2/2: HV
[INFO: 2026-06-02 02:12:15: eoutils.S1Processor] Calibration and thermal noise removal...
[INFO: 2026-06-02 02:12:20: eoutils.S1Processor] Converting to dB...
[INFO: 2026-06-02 02:12:21: eoutils.S1Processor] Processing finished in 13.65s.
[INFO: 2026-06-02 02:12:25: eoutils.S1Processor] Processesing started for S1B_EW_GRDM_1SDH_20210218T092307_20210218T092347_025659_030F01_48EF.SAFE.zip
[INFO: 2026-06-02 02:12:25: eoutils.S1Processor] Processing band 1/2: HH
[INFO: 2026-06-02 02:12:26: eoutils.S1Processor] Calibration and thermal noise removal...
[INFO: 2026-06-02 02:12:29: eoutils.S1Processor] Converting to dB...
[INFO: 2026-06-02 02:12:29: eoutils.S1Processor] Processing band 2/2: HV
[INFO: 2026-06-02 02:12:30: eoutils.S1Processor] Calibration and thermal noise removal...
[INFO: 2026-06-02 02:12:33: eoutils.S1Processor] Converting to dB...
[INFO: 2026-06-02 02:12:34: eoutils.S1Processor] Processing finished in 8.59s.
100%|████████████████████████████████████████████████████████████████████████████████████████████████████████████████████████████████████| 26/26 [00:10<00:00,  2.48it/s]
Processing row 521
[INFO: 2026-06-02 02:14:34: eoutils.S1Processor] Processesing started for S1B_EW_GRDM_1SDH_20210217T214042_20210217T214146_025652_030EC9_C42B.SAFE.zip
[INFO: 2026-06-02 02:14:34: eoutils.S1Processor] Processing band 1/2: HH
[INFO: 2026-06-02 02:14:36: eoutils.S1Processor] Calibration and thermal noise removal...
[INFO: 2026-06-02 02:14:40: eoutils.S1Processor] Converting to dB...
[INFO: 2026-06-02 02:14:41: eoutils.S1Processor] Processing band 2/2: HV
[INFO: 2026-06-02 02:14:43: eoutils.S1Processor] Calibration and thermal noise removal...
[INFO: 2026-06-02 02:14:47: eoutils.S1Processor] Converting to dB...
[INFO: 2026-06-02 02:14:49: eoutils.S1Processor] Processing finished in 14.53s.
[INFO: 2026-06-02 02:14:54: eoutils.S1Processor] Processesing started for S1A_EW_GRDM_1SDH_20210218T101940_20210218T102040_036643_044E2C_0EAC.SAFE.zip
[INFO: 2026-06-02 02:14:54: eoutils.S1Processor] Processing band 1/2: HH
[INFO: 2026-06-02 02:14:56: eoutils.S1Processor] Calibration and thermal noise removal...
[INFO: 2026-06-02 02:15:00: eoutils.S1Processor] Converting to dB...
[INFO: 2026-06-02 02:15:00: eoutils.S1Processor] Processing band 2/2: HV
[INFO: 2026-06-02 02:15:02: eoutils.S1Processor] Calibration and thermal noise removal...
[INFO: 2026-06-02 02:15:06: eoutils.S1Processor] Converting to dB...
[INFO: 2026-06-02 02:15:07: eoutils.S1Processor] Processing finished in 13.16s.
100%|██████████████████████████████████████████████████████████████████████████████████████████████████████████████████████████████████████| 3/3 [00:01<00:00,  1.97it/s]
Processing row 522
[INFO: 2026-06-02 02:17:38: eoutils.RCMProcessor] Processesing started for RCM3_OK1358192_PK1494882_1_SCLNA_20210218_103655_HH_HV_GRD.zip
[INFO: 2026-06-02 02:17:38: eoutils.RCMProcessor] Processing band 1/2: HH
[INFO: 2026-06-02 02:17:38: eoutils.RCMProcessor] Calibration...
[INFO: 2026-06-02 02:17:38: eoutils.RCMProcessor] Removing thermal noise...
[INFO: 2026-06-02 02:17:39: eoutils.RCMProcessor] Converting to dB...
[INFO: 2026-06-02 02:17:39: eoutils.RCMProcessor] Processing band 2/2: HV
[INFO: 2026-06-02 02:17:39: eoutils.RCMProcessor] Calibration...
[INFO: 2026-06-02 02:17:39: eoutils.RCMProcessor] Removing thermal noise...
[INFO: 2026-06-02 02:17:40: eoutils.RCMProcessor] Converting to dB...
[INFO: 2026-06-02 02:17:40: eoutils.RCMProcessor] Processing finished in 2.18s.
[INFO: 2026-06-02 02:17:42: eoutils.S1Processor] Processesing started for S1A_EW_GRDM_1SDH_20210218T102040_20210218T102104_036643_044E2C_66A6.SAFE.zip
[INFO: 2026-06-02 02:17:42: eoutils.S1Processor] Processing band 1/2: HH
[INFO: 2026-06-02 02:17:43: eoutils.S1Processor] Calibration and thermal noise removal...
[INFO: 2026-06-02 02:17:44: eoutils.S1Processor] Converting to dB...
[INFO: 2026-06-02 02:17:45: eoutils.S1Processor] Processing band 2/2: HV
[INFO: 2026-06-02 02:17:45: eoutils.S1Processor] Calibration and thermal noise removal...
[INFO: 2026-06-02 02:17:47: eoutils.S1Processor] Converting to dB...
[INFO: 2026-06-02 02:17:47: eoutils.S1Processor] Processing finished in 5.21s.
100%|██████████████████████████████████████████████████████████████████████████████████████████████████████████████████████████████████████| 3/3 [00:08<00:00,  2.85s/it]
Processing row 523
[INFO: 2026-06-02 02:18:47: eoutils.S1Processor] Processesing started for S1B_EW_GRDM_1SDH_20210217T214042_20210217T214146_025652_030EC9_C42B.SAFE.zip
[INFO: 2026-06-02 02:18:47: eoutils.S1Processor] Processing band 1/2: HH
[INFO: 2026-06-02 02:18:49: eoutils.S1Processor] Calibration and thermal noise removal...
[INFO: 2026-06-02 02:18:54: eoutils.S1Processor] Converting to dB...
[INFO: 2026-06-02 02:18:55: eoutils.S1Processor] Processing band 2/2: HV
[INFO: 2026-06-02 02:18:56: eoutils.S1Processor] Calibration and thermal noise removal...
[INFO: 2026-06-02 02:19:01: eoutils.S1Processor] Converting to dB...
[INFO: 2026-06-02 02:19:02: eoutils.S1Processor] Processing finished in 14.91s.
[INFO: 2026-06-02 02:19:05: eoutils.S1Processor] Processesing started for S1A_EW_GRDM_1SDH_20210218T102040_20210218T102104_036643_044E2C_66A6.SAFE.zip
[INFO: 2026-06-02 02:19:05: eoutils.S1Processor] Processing band 1/2: HH
[INFO: 2026-06-02 02:19:05: eoutils.S1Processor] Calibration and thermal noise removal...
[INFO: 2026-06-02 02:19:07: eoutils.S1Processor] Converting to dB...
[INFO: 2026-06-02 02:19:07: eoutils.S1Processor] Processing band 2/2: HV
[INFO: 2026-06-02 02:19:07: eoutils.S1Processor] Calibration and thermal noise removal...
[INFO: 2026-06-02 02:19:09: eoutils.S1Processor] Converting to dB...
[INFO: 2026-06-02 02:19:09: eoutils.S1Processor] Processing finished in 4.42s.
100%|██████████████████████████████████████████████████████████████████████████████████████████████████████████████████████████████████████| 7/7 [00:03<00:00,  2.17it/s]
Processing row 524
[INFO: 2026-06-02 02:20:57: eoutils.S1Processor] Processesing started for S1A_EW_GRDM_1SDH_20210219T105615_20210219T105719_036658_044EB5_CAEB.SAFE.zip
[INFO: 2026-06-02 02:20:57: eoutils.S1Processor] Processing band 1/2: HH
[INFO: 2026-06-02 02:20:59: eoutils.S1Processor] Calibration and thermal noise removal...
[INFO: 2026-06-02 02:21:03: eoutils.S1Processor] Converting to dB...
[INFO: 2026-06-02 02:21:04: eoutils.S1Processor] Processing band 2/2: HV
[INFO: 2026-06-02 02:21:05: eoutils.S1Processor] Calibration and thermal noise removal...
[INFO: 2026-06-02 02:21:09: eoutils.S1Processor] Converting to dB...
[INFO: 2026-06-02 02:21:11: eoutils.S1Processor] Processing finished in 13.35s.
[INFO: 2026-06-02 02:21:16: eoutils.S1Processor] Processesing started for S1B_EW_GRDM_1SDH_20210218T110431_20210218T110531_025660_030F0D_66A6.SAFE.zip
[INFO: 2026-06-02 02:21:16: eoutils.S1Processor] Processing band 1/2: HH
[INFO: 2026-06-02 02:21:17: eoutils.S1Processor] Calibration and thermal noise removal...
[INFO: 2026-06-02 02:21:22: eoutils.S1Processor] Converting to dB...
[INFO: 2026-06-02 02:21:22: eoutils.S1Processor] Processing band 2/2: HV
[INFO: 2026-06-02 02:21:24: eoutils.S1Processor] Calibration and thermal noise removal...
[INFO: 2026-06-02 02:21:28: eoutils.S1Processor] Converting to dB...
[INFO: 2026-06-02 02:21:29: eoutils.S1Processor] Processing finished in 13.35s.
100%|██████████████████████████████████████████████████████████████████████████████████████████████████████████████████████████████████████| 1/1 [00:00<00:00,  2.13it/s]
Processing row 525
[INFO: 2026-06-02 02:24:07: eoutils.S1Processor] Processesing started for S1A_EW_GRDM_1SDH_20210218T101536_20210218T101640_036643_044E2C_48A5.SAFE.zip
[INFO: 2026-06-02 02:24:07: eoutils.S1Processor] Processing band 1/2: HH
[INFO: 2026-06-02 02:24:09: eoutils.S1Processor] Calibration and thermal noise removal...
[INFO: 2026-06-02 02:24:13: eoutils.S1Processor] Converting to dB...
[INFO: 2026-06-02 02:24:14: eoutils.S1Processor] Processing band 2/2: HV
[INFO: 2026-06-02 02:24:15: eoutils.S1Processor] Calibration and thermal noise removal...
[INFO: 2026-06-02 02:24:20: eoutils.S1Processor] Converting to dB...
[INFO: 2026-06-02 02:24:21: eoutils.S1Processor] Processing finished in 14.60s.
[INFO: 2026-06-02 02:24:26: eoutils.S1Processor] Processesing started for S1B_EW_GRDM_1SDH_20210218T110431_20210218T110531_025660_030F0D_66A6.SAFE.zip
[INFO: 2026-06-02 02:24:26: eoutils.S1Processor] Processing band 1/2: HH
[INFO: 2026-06-02 02:24:27: eoutils.S1Processor] Calibration and thermal noise removal...
[INFO: 2026-06-02 02:24:31: eoutils.S1Processor] Converting to dB...
[INFO: 2026-06-02 02:24:32: eoutils.S1Processor] Processing band 2/2: HV
[INFO: 2026-06-02 02:24:32: eoutils.S1Processor] Calibration and thermal noise removal...
[INFO: 2026-06-02 02:24:37: eoutils.S1Processor] Converting to dB...
[INFO: 2026-06-02 02:24:38: eoutils.S1Processor] Processing finished in 11.43s.
100%|██████████████████████████████████████████████████████████████████████████████████████████████████████████████████████████████████████| 1/1 [00:00<00:00,  2.55it/s]
Processing row 526
[INFO: 2026-06-02 02:27:19: eoutils.S1Processor] Processesing started for S1B_EW_GRDM_1SDH_20210220T185227_20210220T185321_025694_03101D_E080.SAFE.zip
[INFO: 2026-06-02 02:27:19: eoutils.S1Processor] Processing band 1/2: HH
[INFO: 2026-06-02 02:27:21: eoutils.S1Processor] Calibration and thermal noise removal...
[INFO: 2026-06-02 02:27:25: eoutils.S1Processor] Converting to dB...
[INFO: 2026-06-02 02:27:25: eoutils.S1Processor] Processing band 2/2: HV
[INFO: 2026-06-02 02:27:26: eoutils.S1Processor] Calibration and thermal noise removal...
[INFO: 2026-06-02 02:27:30: eoutils.S1Processor] Converting to dB...
[INFO: 2026-06-02 02:27:31: eoutils.S1Processor] Processing finished in 11.75s.
[INFO: 2026-06-02 02:27:36: eoutils.S1Processor] Processesing started for S1A_EW_GRDM_1SDH_20210220T082007_20210220T082107_036671_044F2C_0200.SAFE.zip
[INFO: 2026-06-02 02:27:36: eoutils.S1Processor] Processing band 1/2: HH
[INFO: 2026-06-02 02:27:38: eoutils.S1Processor] Calibration and thermal noise removal...
[INFO: 2026-06-02 02:27:42: eoutils.S1Processor] Converting to dB...
[INFO: 2026-06-02 02:27:43: eoutils.S1Processor] Processing band 2/2: HV
[INFO: 2026-06-02 02:27:44: eoutils.S1Processor] Calibration and thermal noise removal...
[INFO: 2026-06-02 02:27:48: eoutils.S1Processor] Converting to dB...
[INFO: 2026-06-02 02:27:50: eoutils.S1Processor] Processing finished in 13.19s.
100%|████████████████████████████████████████████████████████████████████████████████████████████████████████████████████████████████████| 13/13 [00:05<00:00,  2.49it/s]
Processing row 527
[INFO: 2026-06-02 02:30:17: eoutils.S1Processor] Processesing started for S1A_EW_GRDM_1SDH_20210219T190120_20210219T190214_036663_044EE4_39D4.SAFE.zip
[INFO: 2026-06-02 02:30:17: eoutils.S1Processor] Processing band 1/2: HH
[INFO: 2026-06-02 02:30:19: eoutils.S1Processor] Calibration and thermal noise removal...
[INFO: 2026-06-02 02:30:22: eoutils.S1Processor] Converting to dB...
[INFO: 2026-06-02 02:30:23: eoutils.S1Processor] Processing band 2/2: HV
[INFO: 2026-06-02 02:30:24: eoutils.S1Processor] Calibration and thermal noise removal...
[INFO: 2026-06-02 02:30:28: eoutils.S1Processor] Converting to dB...
[INFO: 2026-06-02 02:30:29: eoutils.S1Processor] Processing finished in 11.94s.
[INFO: 2026-06-02 02:30:34: eoutils.S1Processor] Processesing started for S1A_EW_GRDM_1SDH_20210220T082007_20210220T082107_036671_044F2C_0200.SAFE.zip
[INFO: 2026-06-02 02:30:34: eoutils.S1Processor] Processing band 1/2: HH
[INFO: 2026-06-02 02:30:35: eoutils.S1Processor] Calibration and thermal noise removal...
[INFO: 2026-06-02 02:30:39: eoutils.S1Processor] Converting to dB...
[INFO: 2026-06-02 02:30:39: eoutils.S1Processor] Processing band 2/2: HV
[INFO: 2026-06-02 02:30:40: eoutils.S1Processor] Calibration and thermal noise removal...
[INFO: 2026-06-02 02:30:44: eoutils.S1Processor] Converting to dB...
[INFO: 2026-06-02 02:30:45: eoutils.S1Processor] Processing finished in 10.98s.
100%|██████████████████████████████████████████████████████████████████████████████████████████████████████████████████████████████████████| 2/2 [00:00<00:00,  2.68it/s]
Processing row 528
[INFO: 2026-06-02 02:33:08: eoutils.S1Processor] Processesing started for S1B_EW_GRDM_1SDH_20210220T185123_20210220T185227_025694_03101D_1E2A.SAFE.zip
[INFO: 2026-06-02 02:33:08: eoutils.S1Processor] Processing band 1/2: HH
[INFO: 2026-06-02 02:33:10: eoutils.S1Processor] Calibration and thermal noise removal...
[INFO: 2026-06-02 02:33:16: eoutils.S1Processor] Converting to dB...
[INFO: 2026-06-02 02:33:17: eoutils.S1Processor] Processing band 2/2: HV
[INFO: 2026-06-02 02:33:18: eoutils.S1Processor] Calibration and thermal noise removal...
[INFO: 2026-06-02 02:33:22: eoutils.S1Processor] Converting to dB...
[INFO: 2026-06-02 02:33:23: eoutils.S1Processor] Processing finished in 15.37s.
[INFO: 2026-06-02 02:33:29: eoutils.S1Processor] Processesing started for S1A_EW_GRDM_1SDH_20210220T082107_20210220T082207_036671_044F2C_7946.SAFE.zip
[INFO: 2026-06-02 02:33:29: eoutils.S1Processor] Processing band 1/2: HH
[INFO: 2026-06-02 02:33:31: eoutils.S1Processor] Calibration and thermal noise removal...
[INFO: 2026-06-02 02:33:35: eoutils.S1Processor] Converting to dB...
[INFO: 2026-06-02 02:33:35: eoutils.S1Processor] Processing band 2/2: HV
[INFO: 2026-06-02 02:33:37: eoutils.S1Processor] Calibration and thermal noise removal...
[INFO: 2026-06-02 02:33:41: eoutils.S1Processor] Converting to dB...
[INFO: 2026-06-02 02:33:42: eoutils.S1Processor] Processing finished in 13.35s.
100%|████████████████████████████████████████████████████████████████████████████████████████████████████████████████████████████████████| 24/24 [00:11<00:00,  2.17it/s]
Processing row 529
[INFO: 2026-06-02 02:36:44: eoutils.S1Processor] Processesing started for S1A_EW_GRDM_1SDH_20210219T190016_20210219T190120_036663_044EE4_BEE9.SAFE.zip
[INFO: 2026-06-02 02:36:44: eoutils.S1Processor] Processing band 1/2: HH
[INFO: 2026-06-02 02:36:46: eoutils.S1Processor] Calibration and thermal noise removal...
[INFO: 2026-06-02 02:36:50: eoutils.S1Processor] Converting to dB...
[INFO: 2026-06-02 02:36:51: eoutils.S1Processor] Processing band 2/2: HV
[INFO: 2026-06-02 02:36:52: eoutils.S1Processor] Calibration and thermal noise removal...
[INFO: 2026-06-02 02:36:56: eoutils.S1Processor] Converting to dB...
[INFO: 2026-06-02 02:36:57: eoutils.S1Processor] Processing finished in 13.23s.
[INFO: 2026-06-02 02:37:03: eoutils.S1Processor] Processesing started for S1A_EW_GRDM_1SDH_20210220T082107_20210220T082207_036671_044F2C_7946.SAFE.zip
[INFO: 2026-06-02 02:37:03: eoutils.S1Processor] Processing band 1/2: HH
[INFO: 2026-06-02 02:37:03: eoutils.S1Processor] Calibration and thermal noise removal...
[INFO: 2026-06-02 02:37:07: eoutils.S1Processor] Converting to dB...
[INFO: 2026-06-02 02:37:08: eoutils.S1Processor] Processing band 2/2: HV
[INFO: 2026-06-02 02:37:08: eoutils.S1Processor] Calibration and thermal noise removal...
[INFO: 2026-06-02 02:37:12: eoutils.S1Processor] Converting to dB...
[INFO: 2026-06-02 02:37:14: eoutils.S1Processor] Processing finished in 10.94s.
100%|████████████████████████████████████████████████████████████████████████████████████████████████████████████████████████████████████| 18/18 [00:07<00:00,  2.26it/s]
Processing row 530
[INFO: 2026-06-02 02:40:03: eoutils.S1Processor] Processesing started for S1B_EW_GRDM_1SDH_20210222T085054_20210222T085154_025717_0310D6_167D.SAFE.zip
[INFO: 2026-06-02 02:40:03: eoutils.S1Processor] Processing band 1/2: HH
[INFO: 2026-06-02 02:40:05: eoutils.S1Processor] Calibration and thermal noise removal...
[INFO: 2026-06-02 02:40:12: eoutils.S1Processor] Converting to dB...
[INFO: 2026-06-02 02:40:13: eoutils.S1Processor] Processing band 2/2: HV
[INFO: 2026-06-02 02:40:15: eoutils.S1Processor] Calibration and thermal noise removal...
[INFO: 2026-06-02 02:40:21: eoutils.S1Processor] Converting to dB...
[INFO: 2026-06-02 02:40:24: eoutils.S1Processor] Processing finished in 20.59s.
[INFO: 2026-06-02 02:40:30: eoutils.S1Processor] Processesing started for S1A_EW_GRDM_1SDH_20210222T080244_20210222T080344_036700_04501C_2003.SAFE.zip
[INFO: 2026-06-02 02:40:30: eoutils.S1Processor] Processing band 1/2: HH
[INFO: 2026-06-02 02:40:32: eoutils.S1Processor] Calibration and thermal noise removal...
[INFO: 2026-06-02 02:40:36: eoutils.S1Processor] Converting to dB...
[INFO: 2026-06-02 02:40:36: eoutils.S1Processor] Processing band 2/2: HV
[INFO: 2026-06-02 02:40:39: eoutils.S1Processor] Calibration and thermal noise removal...
[INFO: 2026-06-02 02:40:43: eoutils.S1Processor] Converting to dB...
[INFO: 2026-06-02 02:40:44: eoutils.S1Processor] Processing finished in 14.07s.
100%|████████████████████████████████████████████████████████████████████████████████████████████████████████████████████████████████████| 36/36 [00:18<00:00,  1.93it/s]
Processing row 531
[INFO: 2026-06-02 02:43:41: eoutils.S1Processor] Processesing started for S1B_EW_GRDM_1SDH_20210221T175618_20210221T175658_025708_03108B_33A8.SAFE.zip
[INFO: 2026-06-02 02:43:41: eoutils.S1Processor] Processing band 1/2: HH
[INFO: 2026-06-02 02:43:45: eoutils.S1Processor] Calibration and thermal noise removal...
[INFO: 2026-06-02 02:43:47: eoutils.S1Processor] Converting to dB...
[INFO: 2026-06-02 02:43:48: eoutils.S1Processor] Processing band 2/2: HV
[INFO: 2026-06-02 02:43:49: eoutils.S1Processor] Calibration and thermal noise removal...
[INFO: 2026-06-02 02:43:52: eoutils.S1Processor] Converting to dB...
[INFO: 2026-06-02 02:43:53: eoutils.S1Processor] Processing finished in 11.87s.
[INFO: 2026-06-02 02:43:58: eoutils.S1Processor] Processesing started for S1A_EW_GRDM_1SDH_20210222T080244_20210222T080344_036700_04501C_2003.SAFE.zip
[INFO: 2026-06-02 02:43:58: eoutils.S1Processor] Processing band 1/2: HH
[INFO: 2026-06-02 02:43:58: eoutils.S1Processor] Calibration and thermal noise removal...
[INFO: 2026-06-02 02:44:03: eoutils.S1Processor] Converting to dB...
[INFO: 2026-06-02 02:44:03: eoutils.S1Processor] Processing band 2/2: HV
[INFO: 2026-06-02 02:44:04: eoutils.S1Processor] Calibration and thermal noise removal...
[INFO: 2026-06-02 02:44:08: eoutils.S1Processor] Converting to dB...
[INFO: 2026-06-02 02:44:09: eoutils.S1Processor] Processing finished in 11.42s.
100%|████████████████████████████████████████████████████████████████████████████████████████████████████████████████████████████████████| 41/41 [00:20<00:00,  1.99it/s]
Processing row 532
[INFO: 2026-06-02 02:46:39: eoutils.S1Processor] Processesing started for S1B_EW_GRDM_1SDH_20210222T183610_20210222T183710_025723_03110C_9BED.SAFE.zip
[INFO: 2026-06-02 02:46:39: eoutils.S1Processor] Processing band 1/2: HH
[INFO: 2026-06-02 02:46:40: eoutils.S1Processor] Calibration and thermal noise removal...
[INFO: 2026-06-02 02:46:44: eoutils.S1Processor] Converting to dB...
[INFO: 2026-06-02 02:46:45: eoutils.S1Processor] Processing band 2/2: HV
[INFO: 2026-06-02 02:46:47: eoutils.S1Processor] Calibration and thermal noise removal...
[INFO: 2026-06-02 02:46:51: eoutils.S1Processor] Converting to dB...
[INFO: 2026-06-02 02:46:52: eoutils.S1Processor] Processing finished in 13.09s.
[INFO: 2026-06-02 02:46:58: eoutils.S1Processor] Processesing started for S1A_EW_GRDM_1SDH_20210222T080344_20210222T080444_036700_04501C_90D3.SAFE.zip
[INFO: 2026-06-02 02:46:58: eoutils.S1Processor] Processing band 1/2: HH
[INFO: 2026-06-02 02:46:59: eoutils.S1Processor] Calibration and thermal noise removal...
[INFO: 2026-06-02 02:47:04: eoutils.S1Processor] Converting to dB...
[INFO: 2026-06-02 02:47:04: eoutils.S1Processor] Processing band 2/2: HV
[INFO: 2026-06-02 02:47:06: eoutils.S1Processor] Calibration and thermal noise removal...
[INFO: 2026-06-02 02:47:11: eoutils.S1Processor] Converting to dB...
[INFO: 2026-06-02 02:47:12: eoutils.S1Processor] Processing finished in 14.17s.
100%|████████████████████████████████████████████████████████████████████████████████████████████████████████████████████████████████████| 14/14 [00:06<00:00,  2.11it/s]
Processing row 533
[INFO: 2026-06-02 02:49:51: eoutils.S1Processor] Processesing started for S1A_EW_GRDM_1SDH_20210221T184454_20210221T184554_036692_044FDF_D053.SAFE.zip
[INFO: 2026-06-02 02:49:51: eoutils.S1Processor] Processing band 1/2: HH
[INFO: 2026-06-02 02:49:54: eoutils.S1Processor] Calibration and thermal noise removal...
[INFO: 2026-06-02 02:49:58: eoutils.S1Processor] Converting to dB...
[INFO: 2026-06-02 02:49:59: eoutils.S1Processor] Processing band 2/2: HV
[INFO: 2026-06-02 02:50:01: eoutils.S1Processor] Calibration and thermal noise removal...
[INFO: 2026-06-02 02:50:05: eoutils.S1Processor] Converting to dB...
[INFO: 2026-06-02 02:50:07: eoutils.S1Processor] Processing finished in 15.37s.
[INFO: 2026-06-02 02:50:12: eoutils.S1Processor] Processesing started for S1A_EW_GRDM_1SDH_20210222T080344_20210222T080444_036700_04501C_90D3.SAFE.zip
[INFO: 2026-06-02 02:50:12: eoutils.S1Processor] Processing band 1/2: HH
[INFO: 2026-06-02 02:50:12: eoutils.S1Processor] Calibration and thermal noise removal...
[INFO: 2026-06-02 02:50:17: eoutils.S1Processor] Converting to dB...
[INFO: 2026-06-02 02:50:17: eoutils.S1Processor] Processing band 2/2: HV
[INFO: 2026-06-02 02:50:18: eoutils.S1Processor] Calibration and thermal noise removal...
[INFO: 2026-06-02 02:50:22: eoutils.S1Processor] Converting to dB...
[INFO: 2026-06-02 02:50:23: eoutils.S1Processor] Processing finished in 11.64s.
100%|████████████████████████████████████████████████████████████████████████████████████████████████████████████████████████████████████| 16/16 [00:06<00:00,  2.35it/s]
Processing row 534
[INFO: 2026-06-02 02:53:01: eoutils.S1Processor] Processesing started for S1B_EW_GRDM_1SDH_20210222T183506_20210222T183610_025723_03110C_C6C3.SAFE.zip
[INFO: 2026-06-02 02:53:01: eoutils.S1Processor] Processing band 1/2: HH
[INFO: 2026-06-02 02:53:03: eoutils.S1Processor] Calibration and thermal noise removal...
[INFO: 2026-06-02 02:53:07: eoutils.S1Processor] Converting to dB...
[INFO: 2026-06-02 02:53:08: eoutils.S1Processor] Processing band 2/2: HV
[INFO: 2026-06-02 02:53:10: eoutils.S1Processor] Calibration and thermal noise removal...
[INFO: 2026-06-02 02:53:13: eoutils.S1Processor] Converting to dB...
[INFO: 2026-06-02 02:53:15: eoutils.S1Processor] Processing finished in 13.63s.
[INFO: 2026-06-02 02:53:20: eoutils.S1Processor] Processesing started for S1A_EW_GRDM_1SDH_20210222T080444_20210222T080544_036700_04501C_346E.SAFE.zip
[INFO: 2026-06-02 02:53:20: eoutils.S1Processor] Processing band 1/2: HH
[INFO: 2026-06-02 02:53:22: eoutils.S1Processor] Calibration and thermal noise removal...
[INFO: 2026-06-02 02:53:27: eoutils.S1Processor] Converting to dB...
[INFO: 2026-06-02 02:53:27: eoutils.S1Processor] Processing band 2/2: HV
[INFO: 2026-06-02 02:53:29: eoutils.S1Processor] Calibration and thermal noise removal...
[INFO: 2026-06-02 02:53:33: eoutils.S1Processor] Converting to dB...
[INFO: 2026-06-02 02:53:34: eoutils.S1Processor] Processing finished in 13.87s.
100%|████████████████████████████████████████████████████████████████████████████████████████████████████████████████████████████████████| 18/18 [00:06<00:00,  2.61it/s]
Processing row 535
[INFO: 2026-06-02 02:56:25: eoutils.S1Processor] Processesing started for S1A_EW_GRDM_1SDH_20210221T184350_20210221T184454_036692_044FDF_97BC.SAFE.zip
[INFO: 2026-06-02 02:56:25: eoutils.S1Processor] Processing band 1/2: HH
[INFO: 2026-06-02 02:56:27: eoutils.S1Processor] Calibration and thermal noise removal...
[INFO: 2026-06-02 02:56:31: eoutils.S1Processor] Converting to dB...
[INFO: 2026-06-02 02:56:32: eoutils.S1Processor] Processing band 2/2: HV
[INFO: 2026-06-02 02:56:33: eoutils.S1Processor] Calibration and thermal noise removal...
[INFO: 2026-06-02 02:56:37: eoutils.S1Processor] Converting to dB...
[INFO: 2026-06-02 02:56:38: eoutils.S1Processor] Processing finished in 13.40s.
[INFO: 2026-06-02 02:56:44: eoutils.S1Processor] Processesing started for S1A_EW_GRDM_1SDH_20210222T080444_20210222T080544_036700_04501C_346E.SAFE.zip
[INFO: 2026-06-02 02:56:44: eoutils.S1Processor] Processing band 1/2: HH
[INFO: 2026-06-02 02:56:44: eoutils.S1Processor] Calibration and thermal noise removal...
[INFO: 2026-06-02 02:56:48: eoutils.S1Processor] Converting to dB...
[INFO: 2026-06-02 02:56:49: eoutils.S1Processor] Processing band 2/2: HV
[INFO: 2026-06-02 02:56:49: eoutils.S1Processor] Calibration and thermal noise removal...
[INFO: 2026-06-02 02:56:54: eoutils.S1Processor] Converting to dB...
[INFO: 2026-06-02 02:56:55: eoutils.S1Processor] Processing finished in 11.43s.
100%|████████████████████████████████████████████████████████████████████████████████████████████████████████████████████████████████████| 16/16 [00:07<00:00,  2.19it/s]
Processing row 536
[INFO: 2026-06-02 02:59:45: eoutils.S1Processor] Processesing started for S1A_EW_GRDM_1SDH_20210221T184350_20210221T184454_036692_044FDF_97BC.SAFE.zip
[INFO: 2026-06-02 02:59:45: eoutils.S1Processor] Processing band 1/2: HH
[INFO: 2026-06-02 02:59:46: eoutils.S1Processor] Calibration and thermal noise removal...
[INFO: 2026-06-02 02:59:50: eoutils.S1Processor] Converting to dB...
[INFO: 2026-06-02 02:59:51: eoutils.S1Processor] Processing band 2/2: HV
[INFO: 2026-06-02 02:59:52: eoutils.S1Processor] Calibration and thermal noise removal...
[INFO: 2026-06-02 02:59:56: eoutils.S1Processor] Converting to dB...
[INFO: 2026-06-02 02:59:57: eoutils.S1Processor] Processing finished in 12.36s.
[INFO: 2026-06-02 03:00:03: eoutils.S1Processor] Processesing started for S1A_EW_GRDM_1SDH_20210222T080544_20210222T080644_036700_04501C_5854.SAFE.zip
[INFO: 2026-06-02 03:00:03: eoutils.S1Processor] Processing band 1/2: HH
[INFO: 2026-06-02 03:00:04: eoutils.S1Processor] Calibration and thermal noise removal...
[INFO: 2026-06-02 03:00:08: eoutils.S1Processor] Converting to dB...
[INFO: 2026-06-02 03:00:09: eoutils.S1Processor] Processing band 2/2: HV
[INFO: 2026-06-02 03:00:10: eoutils.S1Processor] Calibration and thermal noise removal...
[INFO: 2026-06-02 03:00:14: eoutils.S1Processor] Converting to dB...
[INFO: 2026-06-02 03:00:16: eoutils.S1Processor] Processing finished in 13.21s.
No valid patches for row 536
Processing row 537
[INFO: 2026-06-02 03:02:59: eoutils.S1Processor] Processesing started for S1A_EW_GRDM_1SDH_20210223T120104_20210223T120208_036717_0450BE_A40E.SAFE.zip
[INFO: 2026-06-02 03:02:59: eoutils.S1Processor] Processing band 1/2: HH
[INFO: 2026-06-02 03:03:01: eoutils.S1Processor] Calibration and thermal noise removal...
[INFO: 2026-06-02 03:03:05: eoutils.S1Processor] Converting to dB...
[INFO: 2026-06-02 03:03:06: eoutils.S1Processor] Processing band 2/2: HV
[INFO: 2026-06-02 03:03:07: eoutils.S1Processor] Calibration and thermal noise removal...
[INFO: 2026-06-02 03:03:11: eoutils.S1Processor] Converting to dB...
[INFO: 2026-06-02 03:03:13: eoutils.S1Processor] Processing finished in 13.88s.
[INFO: 2026-06-02 03:03:18: eoutils.S1Processor] Processesing started for S1B_EW_GRDM_1SDH_20210222T120923_20210222T121023_025719_0310EA_EBE4.SAFE.zip
[INFO: 2026-06-02 03:03:18: eoutils.S1Processor] Processing band 1/2: HH
[INFO: 2026-06-02 03:03:21: eoutils.S1Processor] Calibration and thermal noise removal...
[INFO: 2026-06-02 03:03:25: eoutils.S1Processor] Converting to dB...
[INFO: 2026-06-02 03:03:25: eoutils.S1Processor] Processing band 2/2: HV
[INFO: 2026-06-02 03:03:27: eoutils.S1Processor] Calibration and thermal noise removal...
[INFO: 2026-06-02 03:03:31: eoutils.S1Processor] Converting to dB...
[INFO: 2026-06-02 03:03:32: eoutils.S1Processor] Processing finished in 14.08s.
100%|██████████████████████████████████████████████████████████████████████████████████████████████████████████████████████████████████████| 6/6 [00:02<00:00,  2.54it/s]
Processing row 538
[INFO: 2026-06-02 03:06:13: eoutils.S1Processor] Processesing started for S1A_EW_GRDM_1SDH_20210222T112043_20210222T112148_036702_045032_0889.SAFE.zip
[INFO: 2026-06-02 03:06:13: eoutils.S1Processor] Processing band 1/2: HH
[INFO: 2026-06-02 03:06:15: eoutils.S1Processor] Calibration and thermal noise removal...
[INFO: 2026-06-02 03:06:19: eoutils.S1Processor] Converting to dB...
[INFO: 2026-06-02 03:06:20: eoutils.S1Processor] Processing band 2/2: HV
[INFO: 2026-06-02 03:06:21: eoutils.S1Processor] Calibration and thermal noise removal...
[INFO: 2026-06-02 03:06:25: eoutils.S1Processor] Converting to dB...
[INFO: 2026-06-02 03:06:27: eoutils.S1Processor] Processing finished in 13.23s.
[INFO: 2026-06-02 03:06:32: eoutils.S1Processor] Processesing started for S1B_EW_GRDM_1SDH_20210222T120923_20210222T121023_025719_0310EA_EBE4.SAFE.zip
[INFO: 2026-06-02 03:06:32: eoutils.S1Processor] Processing band 1/2: HH
[INFO: 2026-06-02 03:06:33: eoutils.S1Processor] Calibration and thermal noise removal...
[INFO: 2026-06-02 03:06:37: eoutils.S1Processor] Converting to dB...
[INFO: 2026-06-02 03:06:38: eoutils.S1Processor] Processing band 2/2: HV
[INFO: 2026-06-02 03:06:38: eoutils.S1Processor] Calibration and thermal noise removal...
[INFO: 2026-06-02 03:06:42: eoutils.S1Processor] Converting to dB...
[INFO: 2026-06-02 03:06:44: eoutils.S1Processor] Processing finished in 11.69s.
100%|██████████████████████████████████████████████████████████████████████████████████████████████████████████████████████████████████████| 4/4 [00:01<00:00,  2.66it/s]
Processing row 539
[INFO: 2026-06-02 03:09:23: eoutils.S1Processor] Processesing started for S1B_EW_GRDM_1SDH_20210222T103312_20210222T103358_025718_0310E0_8B76.SAFE.zip
[INFO: 2026-06-02 03:09:23: eoutils.S1Processor] Processing band 1/2: HH
[INFO: 2026-06-02 03:09:24: eoutils.S1Processor] Calibration and thermal noise removal...
[INFO: 2026-06-02 03:09:28: eoutils.S1Processor] Converting to dB...
[INFO: 2026-06-02 03:09:28: eoutils.S1Processor] Processing band 2/2: HV
[INFO: 2026-06-02 03:09:29: eoutils.S1Processor] Calibration and thermal noise removal...
[INFO: 2026-06-02 03:09:33: eoutils.S1Processor] Converting to dB...
[INFO: 2026-06-02 03:09:34: eoutils.S1Processor] Processing finished in 10.75s.
[INFO: 2026-06-02 03:09:39: eoutils.S1Processor] Processesing started for S1A_EW_GRDM_1SDH_20210223T102537_20210223T102646_036716_0450B4_A77C.SAFE.zip
[INFO: 2026-06-02 03:09:39: eoutils.S1Processor] Processing band 1/2: HH
[INFO: 2026-06-02 03:09:42: eoutils.S1Processor] Calibration and thermal noise removal...
[INFO: 2026-06-02 03:09:47: eoutils.S1Processor] Converting to dB...
[INFO: 2026-06-02 03:09:48: eoutils.S1Processor] Processing band 2/2: HV
[INFO: 2026-06-02 03:09:50: eoutils.S1Processor] Calibration and thermal noise removal...
[INFO: 2026-06-02 03:09:55: eoutils.S1Processor] Converting to dB...
[INFO: 2026-06-02 03:09:56: eoutils.S1Processor] Processing finished in 16.59s.
No valid patches for row 539
Processing row 540
[INFO: 2026-06-02 03:12:25: eoutils.S1Processor] Processesing started for S1A_EW_GRDM_1SDH_20210225T194818_20210225T194918_036751_0451EB_D9A3.SAFE.zip
[INFO: 2026-06-02 03:12:25: eoutils.S1Processor] Processing band 1/2: HH
[INFO: 2026-06-02 03:12:27: eoutils.S1Processor] Calibration and thermal noise removal...
[INFO: 2026-06-02 03:12:34: eoutils.S1Processor] Converting to dB...
[INFO: 2026-06-02 03:12:35: eoutils.S1Processor] Processing band 2/2: HV
[INFO: 2026-06-02 03:12:36: eoutils.S1Processor] Calibration and thermal noise removal...
[INFO: 2026-06-02 03:12:41: eoutils.S1Processor] Converting to dB...
[INFO: 2026-06-02 03:12:43: eoutils.S1Processor] Processing finished in 17.26s.
[INFO: 2026-06-02 03:12:48: eoutils.S1Processor] Processesing started for S1B_EW_GRDM_1SDH_20210224T195547_20210224T195647_025753_031205_57C6.SAFE.zip
[INFO: 2026-06-02 03:12:48: eoutils.S1Processor] Processing band 1/2: HH
[INFO: 2026-06-02 03:12:50: eoutils.S1Processor] Calibration and thermal noise removal...
[INFO: 2026-06-02 03:12:54: eoutils.S1Processor] Converting to dB...
[INFO: 2026-06-02 03:12:54: eoutils.S1Processor] Processing band 2/2: HV
[INFO: 2026-06-02 03:12:56: eoutils.S1Processor] Calibration and thermal noise removal...
[INFO: 2026-06-02 03:13:00: eoutils.S1Processor] Converting to dB...
[INFO: 2026-06-02 03:13:01: eoutils.S1Processor] Processing finished in 13.22s.
100%|████████████████████████████████████████████████████████████████████████████████████████████████████████████████████████████████████| 12/12 [00:06<00:00,  2.00it/s]
Processing row 541
[INFO: 2026-06-02 03:15:52: eoutils.S1Processor] Processesing started for S1A_EW_GRDM_1SDH_20210223T200443_20210223T200543_036722_0450E5_13AC.SAFE.zip
[INFO: 2026-06-02 03:15:52: eoutils.S1Processor] Processing band 1/2: HH
[INFO: 2026-06-02 03:15:55: eoutils.S1Processor] Calibration and thermal noise removal...
[INFO: 2026-06-02 03:16:02: eoutils.S1Processor] Converting to dB...
[INFO: 2026-06-02 03:16:03: eoutils.S1Processor] Processing band 2/2: HV
[INFO: 2026-06-02 03:16:05: eoutils.S1Processor] Calibration and thermal noise removal...
[INFO: 2026-06-02 03:16:11: eoutils.S1Processor] Converting to dB...
[INFO: 2026-06-02 03:16:13: eoutils.S1Processor] Processing finished in 20.01s.
[INFO: 2026-06-02 03:16:18: eoutils.S1Processor] Processesing started for S1B_EW_GRDM_1SDH_20210224T195547_20210224T195647_025753_031205_57C6.SAFE.zip
[INFO: 2026-06-02 03:16:18: eoutils.S1Processor] Processing band 1/2: HH
[INFO: 2026-06-02 03:16:18: eoutils.S1Processor] Calibration and thermal noise removal...
[INFO: 2026-06-02 03:16:22: eoutils.S1Processor] Converting to dB...
[INFO: 2026-06-02 03:16:23: eoutils.S1Processor] Processing band 2/2: HV
[INFO: 2026-06-02 03:16:24: eoutils.S1Processor] Calibration and thermal noise removal...
[INFO: 2026-06-02 03:16:28: eoutils.S1Processor] Converting to dB...
[INFO: 2026-06-02 03:16:29: eoutils.S1Processor] Processing finished in 11.14s.
100%|██████████████████████████████████████████████████████████████████████████████████████████████████████████████████████████████████████| 8/8 [00:03<00:00,  2.53it/s]
Processing row 542
[INFO: 2026-06-02 03:19:14: eoutils.S1Processor] Processesing started for S1B_EW_GRDM_1SDH_20210225T185934_20210225T190038_025767_03126F_8294.SAFE.zip
[INFO: 2026-06-02 03:19:14: eoutils.S1Processor] Processing band 1/2: HH
[INFO: 2026-06-02 03:19:15: eoutils.S1Processor] Calibration and thermal noise removal...
[INFO: 2026-06-02 03:19:19: eoutils.S1Processor] Converting to dB...
[INFO: 2026-06-02 03:19:20: eoutils.S1Processor] Processing band 2/2: HV
[INFO: 2026-06-02 03:19:21: eoutils.S1Processor] Calibration and thermal noise removal...
[INFO: 2026-06-02 03:19:25: eoutils.S1Processor] Converting to dB...
[INFO: 2026-06-02 03:19:27: eoutils.S1Processor] Processing finished in 12.75s.
[INFO: 2026-06-02 03:19:32: eoutils.S1Processor] Processesing started for S1A_EW_GRDM_1SDH_20210225T082918_20210225T083018_036744_0451AF_77C4.SAFE.zip
[INFO: 2026-06-02 03:19:32: eoutils.S1Processor] Processing band 1/2: HH
[INFO: 2026-06-02 03:19:34: eoutils.S1Processor] Calibration and thermal noise removal...
[INFO: 2026-06-02 03:19:38: eoutils.S1Processor] Converting to dB...
[INFO: 2026-06-02 03:19:38: eoutils.S1Processor] Processing band 2/2: HV
[INFO: 2026-06-02 03:19:41: eoutils.S1Processor] Calibration and thermal noise removal...
[INFO: 2026-06-02 03:19:45: eoutils.S1Processor] Converting to dB...
[INFO: 2026-06-02 03:19:46: eoutils.S1Processor] Processing finished in 13.81s.
100%|████████████████████████████████████████████████████████████████████████████████████████████████████████████████████████████████████| 17/17 [00:06<00:00,  2.48it/s]
Processing row 543
[INFO: 2026-06-02 03:22:39: eoutils.S1Processor] Processesing started for S1A_EW_GRDM_1SDH_20210224T190825_20210224T190925_036736_045164_2D37.SAFE.zip
[INFO: 2026-06-02 03:22:39: eoutils.S1Processor] Processing band 1/2: HH
[INFO: 2026-06-02 03:22:40: eoutils.S1Processor] Calibration and thermal noise removal...
[INFO: 2026-06-02 03:22:46: eoutils.S1Processor] Converting to dB...
[INFO: 2026-06-02 03:22:47: eoutils.S1Processor] Processing band 2/2: HV
[INFO: 2026-06-02 03:22:48: eoutils.S1Processor] Calibration and thermal noise removal...
[INFO: 2026-06-02 03:22:53: eoutils.S1Processor] Converting to dB...
[INFO: 2026-06-02 03:22:54: eoutils.S1Processor] Processing finished in 15.11s.
[INFO: 2026-06-02 03:22:59: eoutils.S1Processor] Processesing started for S1A_EW_GRDM_1SDH_20210225T082918_20210225T083018_036744_0451AF_77C4.SAFE.zip
[INFO: 2026-06-02 03:22:59: eoutils.S1Processor] Processing band 1/2: HH
[INFO: 2026-06-02 03:22:59: eoutils.S1Processor] Calibration and thermal noise removal...
[INFO: 2026-06-02 03:23:04: eoutils.S1Processor] Converting to dB...
[INFO: 2026-06-02 03:23:04: eoutils.S1Processor] Processing band 2/2: HV
[INFO: 2026-06-02 03:23:05: eoutils.S1Processor] Calibration and thermal noise removal...
[INFO: 2026-06-02 03:23:09: eoutils.S1Processor] Converting to dB...
[INFO: 2026-06-02 03:23:10: eoutils.S1Processor] Processing finished in 11.04s.
100%|████████████████████████████████████████████████████████████████████████████████████████████████████████████████████████████████████| 12/12 [00:04<00:00,  2.44it/s]
Processing row 544
[INFO: 2026-06-02 03:25:51: eoutils.S1Processor] Processesing started for S1A_EW_GRDM_1SDH_20210301T111235_20210301T111339_036804_0453BC_6938.SAFE.zip
[INFO: 2026-06-02 03:25:51: eoutils.S1Processor] Processing band 1/2: HH
[INFO: 2026-06-02 03:25:53: eoutils.S1Processor] Calibration and thermal noise removal...
[INFO: 2026-06-02 03:25:59: eoutils.S1Processor] Converting to dB...
[INFO: 2026-06-02 03:25:59: eoutils.S1Processor] Processing band 2/2: HV
[INFO: 2026-06-02 03:26:01: eoutils.S1Processor] Calibration and thermal noise removal...
[INFO: 2026-06-02 03:26:05: eoutils.S1Processor] Converting to dB...
[INFO: 2026-06-02 03:26:06: eoutils.S1Processor] Processing finished in 15.50s.
[INFO: 2026-06-02 03:26:09: eoutils.S1Processor] Processesing started for S1B_EW_GRDM_1SDH_20210228T210448_20210228T210506_025812_0313F6_3BF7.SAFE.zip
[INFO: 2026-06-02 03:26:09: eoutils.S1Processor] Processing band 1/2: HH
[INFO: 2026-06-02 03:26:10: eoutils.S1Processor] Calibration and thermal noise removal...
[INFO: 2026-06-02 03:26:11: eoutils.S1Processor] Converting to dB...
[INFO: 2026-06-02 03:26:11: eoutils.S1Processor] Processing band 2/2: HV
[INFO: 2026-06-02 03:26:12: eoutils.S1Processor] Calibration and thermal noise removal...
[INFO: 2026-06-02 03:26:13: eoutils.S1Processor] Converting to dB...
[INFO: 2026-06-02 03:26:13: eoutils.S1Processor] Processing finished in 4.02s.
100%|██████████████████████████████████████████████████████████████████████████████████████████████████████████████████████████████████████| 2/2 [00:00<00:00,  2.41it/s]
Processing row 545
[INFO: 2026-06-02 03:27:59: eoutils.S1Processor] Processesing started for S1A_EW_GRDM_1SDH_20210227T211333_20210227T211433_036781_0452FF_0E5B.SAFE.zip
[INFO: 2026-06-02 03:27:59: eoutils.S1Processor] Processing band 1/2: HH
[INFO: 2026-06-02 03:28:01: eoutils.S1Processor] Calibration and thermal noise removal...
[INFO: 2026-06-02 03:28:05: eoutils.S1Processor] Converting to dB...
[INFO: 2026-06-02 03:28:06: eoutils.S1Processor] Processing band 2/2: HV
[INFO: 2026-06-02 03:28:07: eoutils.S1Processor] Calibration and thermal noise removal...
[INFO: 2026-06-02 03:28:11: eoutils.S1Processor] Converting to dB...
[INFO: 2026-06-02 03:28:13: eoutils.S1Processor] Processing finished in 13.62s.
[INFO: 2026-06-02 03:28:15: eoutils.S1Processor] Processesing started for S1B_EW_GRDM_1SDH_20210228T210448_20210228T210506_025812_0313F6_3BF7.SAFE.zip
[INFO: 2026-06-02 03:28:15: eoutils.S1Processor] Processing band 1/2: HH
[INFO: 2026-06-02 03:28:15: eoutils.S1Processor] Calibration and thermal noise removal...
[INFO: 2026-06-02 03:28:16: eoutils.S1Processor] Converting to dB...
[INFO: 2026-06-02 03:28:17: eoutils.S1Processor] Processing band 2/2: HV
[INFO: 2026-06-02 03:28:17: eoutils.S1Processor] Calibration and thermal noise removal...
[INFO: 2026-06-02 03:28:18: eoutils.S1Processor] Converting to dB...
[INFO: 2026-06-02 03:28:18: eoutils.S1Processor] Processing finished in 3.31s.
100%|██████████████████████████████████████████████████████████████████████████████████████████████████████████████████████████████████████| 2/2 [00:00<00:00,  2.69it/s]
Processing row 546
[INFO: 2026-06-02 03:29:59: eoutils.S1Processor] Processesing started for S1A_EW_GRDM_1SDH_20210228T183542_20210228T183646_036794_045368_D930.SAFE.zip
[INFO: 2026-06-02 03:29:59: eoutils.S1Processor] Processing band 1/2: HH
[INFO: 2026-06-02 03:30:01: eoutils.S1Processor] Calibration and thermal noise removal...
[INFO: 2026-06-02 03:30:05: eoutils.S1Processor] Converting to dB...
[INFO: 2026-06-02 03:30:06: eoutils.S1Processor] Processing band 2/2: HV
[INFO: 2026-06-02 03:30:07: eoutils.S1Processor] Calibration and thermal noise removal...
[INFO: 2026-06-02 03:30:11: eoutils.S1Processor] Converting to dB...
[INFO: 2026-06-02 03:30:12: eoutils.S1Processor] Processing finished in 13.17s.
[INFO: 2026-06-02 03:30:18: eoutils.S1Processor] Processesing started for S1A_EW_GRDM_1SDH_20210301T075648_20210301T075746_036802_0453A6_C21D.SAFE.zip
[INFO: 2026-06-02 03:30:18: eoutils.S1Processor] Processing band 1/2: HH
[INFO: 2026-06-02 03:30:19: eoutils.S1Processor] Calibration and thermal noise removal...
[INFO: 2026-06-02 03:30:23: eoutils.S1Processor] Converting to dB...
[INFO: 2026-06-02 03:30:24: eoutils.S1Processor] Processing band 2/2: HV
[INFO: 2026-06-02 03:30:25: eoutils.S1Processor] Calibration and thermal noise removal...
[INFO: 2026-06-02 03:30:29: eoutils.S1Processor] Converting to dB...
[INFO: 2026-06-02 03:30:30: eoutils.S1Processor] Processing finished in 12.77s.
100%|██████████████████████████████████████████████████████████████████████████████████████████████████████████████████████████████████████| 6/6 [00:02<00:00,  2.52it/s]
Processing row 547
[INFO: 2026-06-02 03:33:08: eoutils.S1Processor] Processesing started for S1B_EW_GRDM_1SDH_20210228T093927_20210228T094015_025805_0313AE_81F9.SAFE.zip
[INFO: 2026-06-02 03:33:08: eoutils.S1Processor] Processing band 1/2: HH
[INFO: 2026-06-02 03:33:09: eoutils.S1Processor] Calibration and thermal noise removal...
[INFO: 2026-06-02 03:33:12: eoutils.S1Processor] Converting to dB...
[INFO: 2026-06-02 03:33:12: eoutils.S1Processor] Processing band 2/2: HV
[INFO: 2026-06-02 03:33:14: eoutils.S1Processor] Calibration and thermal noise removal...
[INFO: 2026-06-02 03:33:17: eoutils.S1Processor] Converting to dB...
[INFO: 2026-06-02 03:33:18: eoutils.S1Processor] Processing finished in 10.17s.
[INFO: 2026-06-02 03:33:22: eoutils.S1Processor] Processesing started for S1B_EW_GRDM_1SDH_20210301T084154_20210301T084231_025819_031430_C0FD.SAFE.zip
[INFO: 2026-06-02 03:33:22: eoutils.S1Processor] Processing band 1/2: HH
[INFO: 2026-06-02 03:33:22: eoutils.S1Processor] Calibration and thermal noise removal...
[INFO: 2026-06-02 03:33:25: eoutils.S1Processor] Converting to dB...
[INFO: 2026-06-02 03:33:25: eoutils.S1Processor] Processing band 2/2: HV
[INFO: 2026-06-02 03:33:26: eoutils.S1Processor] Calibration and thermal noise removal...
[INFO: 2026-06-02 03:33:29: eoutils.S1Processor] Converting to dB...
[INFO: 2026-06-02 03:33:29: eoutils.S1Processor] Processing finished in 7.87s.
100%|████████████████████████████████████████████████████████████████████████████████████████████████████████████████████████████████████| 17/17 [00:06<00:00,  2.46it/s]
Processing row 548
[INFO: 2026-06-02 03:35:10: eoutils.S1Processor] Processesing started for S1B_EW_GRDM_1SDH_20210302T110326_20210302T110431_025835_0314C8_ED02.SAFE.zip
[INFO: 2026-06-02 03:35:10: eoutils.S1Processor] Processing band 1/2: HH
[INFO: 2026-06-02 03:35:12: eoutils.S1Processor] Calibration and thermal noise removal...
[INFO: 2026-06-02 03:35:17: eoutils.S1Processor] Converting to dB...
[INFO: 2026-06-02 03:35:17: eoutils.S1Processor] Processing band 2/2: HV
[INFO: 2026-06-02 03:35:19: eoutils.S1Processor] Calibration and thermal noise removal...
[INFO: 2026-06-02 03:35:23: eoutils.S1Processor] Converting to dB...
[INFO: 2026-06-02 03:35:24: eoutils.S1Processor] Processing finished in 13.77s.
[INFO: 2026-06-02 03:35:30: eoutils.S1Processor] Processesing started for S1A_EW_GRDM_1SDH_20210303T105615_20210303T105719_036833_0454C2_DF26.SAFE.zip
[INFO: 2026-06-02 03:35:30: eoutils.S1Processor] Processing band 1/2: HH
[INFO: 2026-06-02 03:35:31: eoutils.S1Processor] Calibration and thermal noise removal...
[INFO: 2026-06-02 03:35:36: eoutils.S1Processor] Converting to dB...
[INFO: 2026-06-02 03:35:36: eoutils.S1Processor] Processing band 2/2: HV
[INFO: 2026-06-02 03:35:38: eoutils.S1Processor] Calibration and thermal noise removal...
[INFO: 2026-06-02 03:35:42: eoutils.S1Processor] Converting to dB...
[INFO: 2026-06-02 03:35:43: eoutils.S1Processor] Processing finished in 13.23s.
100%|██████████████████████████████████████████████████████████████████████████████████████████████████████████████████████████████████████| 7/7 [00:02<00:00,  2.37it/s]
Processing row 549
[INFO: 2026-06-02 03:38:32: eoutils.S1Processor] Processesing started for S1B_EW_GRDM_1SDH_20210304T171457_20210304T171557_025868_0315CC_432F.SAFE.zip
[INFO: 2026-06-02 03:38:32: eoutils.S1Processor] Processing band 1/2: HH
[INFO: 2026-06-02 03:38:33: eoutils.S1Processor] Calibration and thermal noise removal...
[INFO: 2026-06-02 03:38:39: eoutils.S1Processor] Converting to dB...
[INFO: 2026-06-02 03:38:39: eoutils.S1Processor] Processing band 2/2: HV
[INFO: 2026-06-02 03:38:41: eoutils.S1Processor] Calibration and thermal noise removal...
[INFO: 2026-06-02 03:38:45: eoutils.S1Processor] Converting to dB...
[INFO: 2026-06-02 03:38:46: eoutils.S1Processor] Processing finished in 14.57s.
[INFO: 2026-06-02 03:38:52: eoutils.S1Processor] Processesing started for S1A_EW_GRDM_1SDH_20210304T081906_20210304T082006_036846_045537_5E48.SAFE.zip
[INFO: 2026-06-02 03:38:52: eoutils.S1Processor] Processing band 1/2: HH
[INFO: 2026-06-02 03:38:53: eoutils.S1Processor] Calibration and thermal noise removal...
[INFO: 2026-06-02 03:38:58: eoutils.S1Processor] Converting to dB...
[INFO: 2026-06-02 03:38:58: eoutils.S1Processor] Processing band 2/2: HV
[INFO: 2026-06-02 03:39:00: eoutils.S1Processor] Calibration and thermal noise removal...
[INFO: 2026-06-02 03:39:04: eoutils.S1Processor] Converting to dB...
[INFO: 2026-06-02 03:39:05: eoutils.S1Processor] Processing finished in 13.38s.
100%|████████████████████████████████████████████████████████████████████████████████████████████████████████████████████████████████████| 25/25 [00:10<00:00,  2.40it/s]
Processing row 550
[INFO: 2026-06-02 03:41:56: eoutils.S1Processor] Processesing started for S1B_EW_GRDM_1SDH_20210303T181241_20210303T181341_025854_031562_EF28.SAFE.zip
[INFO: 2026-06-02 03:41:56: eoutils.S1Processor] Processing band 1/2: HH
[INFO: 2026-06-02 03:41:58: eoutils.S1Processor] Calibration and thermal noise removal...
[INFO: 2026-06-02 03:42:02: eoutils.S1Processor] Converting to dB...
[INFO: 2026-06-02 03:42:03: eoutils.S1Processor] Processing band 2/2: HV
[INFO: 2026-06-02 03:42:04: eoutils.S1Processor] Calibration and thermal noise removal...
[INFO: 2026-06-02 03:42:09: eoutils.S1Processor] Converting to dB...
[INFO: 2026-06-02 03:42:10: eoutils.S1Processor] Processing finished in 13.50s.
[INFO: 2026-06-02 03:42:15: eoutils.S1Processor] Processesing started for S1A_EW_GRDM_1SDH_20210304T081906_20210304T082006_036846_045537_5E48.SAFE.zip
[INFO: 2026-06-02 03:42:15: eoutils.S1Processor] Processing band 1/2: HH
[INFO: 2026-06-02 03:42:16: eoutils.S1Processor] Calibration and thermal noise removal...
[INFO: 2026-06-02 03:42:20: eoutils.S1Processor] Converting to dB...
[INFO: 2026-06-02 03:42:21: eoutils.S1Processor] Processing band 2/2: HV
[INFO: 2026-06-02 03:42:21: eoutils.S1Processor] Calibration and thermal noise removal...
[INFO: 2026-06-02 03:42:26: eoutils.S1Processor] Converting to dB...
[INFO: 2026-06-02 03:42:27: eoutils.S1Processor] Processing finished in 11.73s.
100%|████████████████████████████████████████████████████████████████████████████████████████████████████████████████████████████████████| 41/41 [00:15<00:00,  2.58it/s]
Processing row 551
[INFO: 2026-06-02 03:45:17: eoutils.S1Processor] Processesing started for S1B_EW_GRDM_1SDH_20210304T185227_20210304T185321_025869_0315D6_85B1.SAFE.zip
[INFO: 2026-06-02 03:45:17: eoutils.S1Processor] Processing band 1/2: HH
[INFO: 2026-06-02 03:45:18: eoutils.S1Processor] Calibration and thermal noise removal...
[INFO: 2026-06-02 03:45:22: eoutils.S1Processor] Converting to dB...
[INFO: 2026-06-02 03:45:22: eoutils.S1Processor] Processing band 2/2: HV
[INFO: 2026-06-02 03:45:23: eoutils.S1Processor] Calibration and thermal noise removal...
[INFO: 2026-06-02 03:45:27: eoutils.S1Processor] Converting to dB...
[INFO: 2026-06-02 03:45:28: eoutils.S1Processor] Processing finished in 11.42s.
[INFO: 2026-06-02 03:45:33: eoutils.S1Processor] Processesing started for S1A_EW_GRDM_1SDH_20210304T082006_20210304T082106_036846_045537_CCFB.SAFE.zip
[INFO: 2026-06-02 03:45:33: eoutils.S1Processor] Processing band 1/2: HH
[INFO: 2026-06-02 03:45:35: eoutils.S1Processor] Calibration and thermal noise removal...
[INFO: 2026-06-02 03:45:39: eoutils.S1Processor] Converting to dB...
[INFO: 2026-06-02 03:45:40: eoutils.S1Processor] Processing band 2/2: HV
[INFO: 2026-06-02 03:45:41: eoutils.S1Processor] Calibration and thermal noise removal...
[INFO: 2026-06-02 03:45:46: eoutils.S1Processor] Converting to dB...
[INFO: 2026-06-02 03:45:47: eoutils.S1Processor] Processing finished in 13.45s.
100%|████████████████████████████████████████████████████████████████████████████████████████████████████████████████████████████████████| 11/11 [00:04<00:00,  2.69it/s]
Processing row 552
[INFO: 2026-06-02 03:48:15: eoutils.S1Processor] Processesing started for S1A_EW_GRDM_1SDH_20210303T190120_20210303T190214_036838_0454F1_1227.SAFE.zip
[INFO: 2026-06-02 03:48:15: eoutils.S1Processor] Processing band 1/2: HH
[INFO: 2026-06-02 03:48:16: eoutils.S1Processor] Calibration and thermal noise removal...
[INFO: 2026-06-02 03:48:20: eoutils.S1Processor] Converting to dB...
[INFO: 2026-06-02 03:48:20: eoutils.S1Processor] Processing band 2/2: HV
[INFO: 2026-06-02 03:48:22: eoutils.S1Processor] Calibration and thermal noise removal...
[INFO: 2026-06-02 03:48:25: eoutils.S1Processor] Converting to dB...
[INFO: 2026-06-02 03:48:27: eoutils.S1Processor] Processing finished in 11.88s.
[INFO: 2026-06-02 03:48:32: eoutils.S1Processor] Processesing started for S1A_EW_GRDM_1SDH_20210304T082006_20210304T082106_036846_045537_CCFB.SAFE.zip
[INFO: 2026-06-02 03:48:32: eoutils.S1Processor] Processing band 1/2: HH
[INFO: 2026-06-02 03:48:32: eoutils.S1Processor] Calibration and thermal noise removal...
[INFO: 2026-06-02 03:48:37: eoutils.S1Processor] Converting to dB...
[INFO: 2026-06-02 03:48:37: eoutils.S1Processor] Processing band 2/2: HV
[INFO: 2026-06-02 03:48:38: eoutils.S1Processor] Calibration and thermal noise removal...
[INFO: 2026-06-02 03:48:42: eoutils.S1Processor] Converting to dB...
[INFO: 2026-06-02 03:48:43: eoutils.S1Processor] Processing finished in 11.72s.
100%|██████████████████████████████████████████████████████████████████████████████████████████████████████████████████████████████████████| 2/2 [00:00<00:00,  3.02it/s]
Processing row 553
[INFO: 2026-06-02 03:51:08: eoutils.S1Processor] Processesing started for S1B_EW_GRDM_1SDH_20210306T103212_20210306T103312_025893_031698_ABA7.SAFE.zip
[INFO: 2026-06-02 03:51:08: eoutils.S1Processor] Processing band 1/2: HH
[INFO: 2026-06-02 03:51:10: eoutils.S1Processor] Calibration and thermal noise removal...
[INFO: 2026-06-02 03:51:16: eoutils.S1Processor] Converting to dB...
[INFO: 2026-06-02 03:51:17: eoutils.S1Processor] Processing band 2/2: HV
[INFO: 2026-06-02 03:51:18: eoutils.S1Processor] Calibration and thermal noise removal...
[INFO: 2026-06-02 03:51:23: eoutils.S1Processor] Converting to dB...
[INFO: 2026-06-02 03:51:24: eoutils.S1Processor] Processing finished in 16.18s.
[INFO: 2026-06-02 03:51:30: eoutils.S1Processor] Processesing started for S1B_EW_GRDM_1SDH_20210305T211023_20210305T211123_025885_031656_26E5.SAFE.zip
[INFO: 2026-06-02 03:51:30: eoutils.S1Processor] Processing band 1/2: HH
[INFO: 2026-06-02 03:51:31: eoutils.S1Processor] Calibration and thermal noise removal...
[INFO: 2026-06-02 03:51:36: eoutils.S1Processor] Converting to dB...
[INFO: 2026-06-02 03:51:36: eoutils.S1Processor] Processing band 2/2: HV
[INFO: 2026-06-02 03:51:38: eoutils.S1Processor] Calibration and thermal noise removal...
[INFO: 2026-06-02 03:51:42: eoutils.S1Processor] Converting to dB...
[INFO: 2026-06-02 03:51:43: eoutils.S1Processor] Processing finished in 13.33s.
No valid patches for row 553
Processing row 554
[INFO: 2026-06-02 03:54:20: eoutils.S1Processor] Processesing started for S1A_EW_GRDM_1SDH_20210305T104159_20210305T104259_036862_0455BD_41BA.SAFE.zip
[INFO: 2026-06-02 03:54:20: eoutils.S1Processor] Processing band 1/2: HH
[INFO: 2026-06-02 03:54:22: eoutils.S1Processor] Calibration and thermal noise removal...
[INFO: 2026-06-02 03:54:27: eoutils.S1Processor] Converting to dB...
[INFO: 2026-06-02 03:54:28: eoutils.S1Processor] Processing band 2/2: HV
[INFO: 2026-06-02 03:54:29: eoutils.S1Processor] Calibration and thermal noise removal...
[INFO: 2026-06-02 03:54:34: eoutils.S1Processor] Converting to dB...
[INFO: 2026-06-02 03:54:35: eoutils.S1Processor] Processing finished in 14.47s.
[INFO: 2026-06-02 03:54:40: eoutils.S1Processor] Processesing started for S1B_EW_GRDM_1SDH_20210305T211023_20210305T211123_025885_031656_26E5.SAFE.zip
[INFO: 2026-06-02 03:54:40: eoutils.S1Processor] Processing band 1/2: HH
[INFO: 2026-06-02 03:54:41: eoutils.S1Processor] Calibration and thermal noise removal...
[INFO: 2026-06-02 03:54:45: eoutils.S1Processor] Converting to dB...
[INFO: 2026-06-02 03:54:45: eoutils.S1Processor] Processing band 2/2: HV
[INFO: 2026-06-02 03:54:46: eoutils.S1Processor] Calibration and thermal noise removal...
[INFO: 2026-06-02 03:54:50: eoutils.S1Processor] Converting to dB...
[INFO: 2026-06-02 03:54:51: eoutils.S1Processor] Processing finished in 11.27s.
No valid patches for row 554
Processing row 555
[INFO: 2026-06-02 03:57:33: eoutils.S1Processor] Processesing started for S1A_EW_GRDM_1SDH_20210307T102433_20210307T102537_036891_0456D0_D302.SAFE.zip
[INFO: 2026-06-02 03:57:33: eoutils.S1Processor] Processing band 1/2: HH
[INFO: 2026-06-02 03:57:34: eoutils.S1Processor] Calibration and thermal noise removal...
[INFO: 2026-06-02 03:57:38: eoutils.S1Processor] Converting to dB...
[INFO: 2026-06-02 03:57:39: eoutils.S1Processor] Processing band 2/2: HV
[INFO: 2026-06-02 03:57:40: eoutils.S1Processor] Calibration and thermal noise removal...
[INFO: 2026-06-02 03:57:44: eoutils.S1Processor] Converting to dB...
[INFO: 2026-06-02 03:57:46: eoutils.S1Processor] Processing finished in 13.19s.
[INFO: 2026-06-02 03:57:51: eoutils.S1Processor] Processesing started for S1B_EW_GRDM_1SDH_20210307T205523_20210307T205623_025914_031745_6EEA.SAFE.zip
[INFO: 2026-06-02 03:57:51: eoutils.S1Processor] Processing band 1/2: HH
[INFO: 2026-06-02 03:57:53: eoutils.S1Processor] Calibration and thermal noise removal...
[INFO: 2026-06-02 03:57:57: eoutils.S1Processor] Converting to dB...
[INFO: 2026-06-02 03:57:58: eoutils.S1Processor] Processing band 2/2: HV
[INFO: 2026-06-02 03:57:59: eoutils.S1Processor] Calibration and thermal noise removal...
[INFO: 2026-06-02 03:58:03: eoutils.S1Processor] Converting to dB...
[INFO: 2026-06-02 03:58:05: eoutils.S1Processor] Processing finished in 13.29s.
100%|████████████████████████████████████████████████████████████████████████████████████████████████████████████████████████████████████| 10/10 [00:04<00:00,  2.48it/s]
Processing row 556
[INFO: 2026-06-02 04:00:52: eoutils.S1Processor] Processesing started for S1B_EW_GRDM_1SDH_20210308T182019_20210308T182119_025927_0317B9_5269.SAFE.zip
[INFO: 2026-06-02 04:00:52: eoutils.S1Processor] Processing band 1/2: HH
[INFO: 2026-06-02 04:00:54: eoutils.S1Processor] Calibration and thermal noise removal...
[INFO: 2026-06-02 04:00:58: eoutils.S1Processor] Converting to dB...
[INFO: 2026-06-02 04:00:58: eoutils.S1Processor] Processing band 2/2: HV
[INFO: 2026-06-02 04:01:00: eoutils.S1Processor] Calibration and thermal noise removal...
[INFO: 2026-06-02 04:01:04: eoutils.S1Processor] Converting to dB...
[INFO: 2026-06-02 04:01:05: eoutils.S1Processor] Processing finished in 13.24s.
[INFO: 2026-06-02 04:01:11: eoutils.S1Processor] Processesing started for S1A_EW_GRDM_1SDH_20210308T074624_20210308T074724_036904_04573E_75BF.SAFE.zip
[INFO: 2026-06-02 04:01:11: eoutils.S1Processor] Processing band 1/2: HH
[INFO: 2026-06-02 04:01:13: eoutils.S1Processor] Calibration and thermal noise removal...
[INFO: 2026-06-02 04:01:17: eoutils.S1Processor] Converting to dB...
[INFO: 2026-06-02 04:01:17: eoutils.S1Processor] Processing band 2/2: HV
[INFO: 2026-06-02 04:01:19: eoutils.S1Processor] Calibration and thermal noise removal...
[INFO: 2026-06-02 04:01:23: eoutils.S1Processor] Converting to dB...
[INFO: 2026-06-02 04:01:24: eoutils.S1Processor] Processing finished in 13.40s.
100%|██████████████████████████████████████████████████████████████████████████████████████████████████████████████████████████████████████| 9/9 [00:04<00:00,  2.25it/s]
Processing row 557
[INFO: 2026-06-02 04:04:01: eoutils.S1Processor] Processesing started for S1B_EW_GRDM_1SDH_20210307T173920_20210307T174020_025912_031737_BE0D.SAFE.zip
[INFO: 2026-06-02 04:04:01: eoutils.S1Processor] Processing band 1/2: HH
[INFO: 2026-06-02 04:04:04: eoutils.S1Processor] Calibration and thermal noise removal...
[INFO: 2026-06-02 04:04:08: eoutils.S1Processor] Converting to dB...
[INFO: 2026-06-02 04:04:09: eoutils.S1Processor] Processing band 2/2: HV
[INFO: 2026-06-02 04:04:10: eoutils.S1Processor] Calibration and thermal noise removal...
[INFO: 2026-06-02 04:04:14: eoutils.S1Processor] Converting to dB...
[INFO: 2026-06-02 04:04:16: eoutils.S1Processor] Processing finished in 14.17s.
[INFO: 2026-06-02 04:04:21: eoutils.S1Processor] Processesing started for S1A_EW_GRDM_1SDH_20210308T074624_20210308T074724_036904_04573E_75BF.SAFE.zip
[INFO: 2026-06-02 04:04:21: eoutils.S1Processor] Processing band 1/2: HH
[INFO: 2026-06-02 04:04:21: eoutils.S1Processor] Calibration and thermal noise removal...
[INFO: 2026-06-02 04:04:26: eoutils.S1Processor] Converting to dB...
[INFO: 2026-06-02 04:04:26: eoutils.S1Processor] Processing band 2/2: HV
[INFO: 2026-06-02 04:04:27: eoutils.S1Processor] Calibration and thermal noise removal...
[INFO: 2026-06-02 04:04:31: eoutils.S1Processor] Converting to dB...
[INFO: 2026-06-02 04:04:32: eoutils.S1Processor] Processing finished in 11.47s.
100%|██████████████████████████████████████████████████████████████████████████████████████████████████████████████████████████████████████| 9/9 [00:03<00:00,  2.28it/s]
Processing row 558
[INFO: 2026-06-02 04:07:11: eoutils.S1Processor] Processesing started for S1B_EW_GRDM_1SDH_20210308T182019_20210308T182119_025927_0317B9_5269.SAFE.zip
[INFO: 2026-06-02 04:07:11: eoutils.S1Processor] Processing band 1/2: HH
[INFO: 2026-06-02 04:07:13: eoutils.S1Processor] Calibration and thermal noise removal...
[INFO: 2026-06-02 04:07:21: eoutils.S1Processor] Converting to dB...
[INFO: 2026-06-02 04:07:22: eoutils.S1Processor] Processing band 2/2: HV
[INFO: 2026-06-02 04:07:23: eoutils.S1Processor] Calibration and thermal noise removal...
[INFO: 2026-06-02 04:07:29: eoutils.S1Processor] Converting to dB...
[INFO: 2026-06-02 04:07:30: eoutils.S1Processor] Processing finished in 19.70s.
[INFO: 2026-06-02 04:07:36: eoutils.S1Processor] Processesing started for S1A_EW_GRDM_1SDH_20210308T074724_20210308T074824_036904_04573E_7079.SAFE.zip
[INFO: 2026-06-02 04:07:36: eoutils.S1Processor] Processing band 1/2: HH
[INFO: 2026-06-02 04:07:37: eoutils.S1Processor] Calibration and thermal noise removal...
[INFO: 2026-06-02 04:07:42: eoutils.S1Processor] Converting to dB...
[INFO: 2026-06-02 04:07:42: eoutils.S1Processor] Processing band 2/2: HV
[INFO: 2026-06-02 04:07:44: eoutils.S1Processor] Calibration and thermal noise removal...
[INFO: 2026-06-02 04:07:48: eoutils.S1Processor] Converting to dB...
[INFO: 2026-06-02 04:07:49: eoutils.S1Processor] Processing finished in 13.38s.
100%|██████████████████████████████████████████████████████████████████████████████████████████████████████████████████████████████████████| 2/2 [00:00<00:00,  2.83it/s]
Processing row 559
[INFO: 2026-06-02 04:10:21: eoutils.S1Processor] Processesing started for S1B_EW_GRDM_1SDH_20210307T173920_20210307T174020_025912_031737_BE0D.SAFE.zip
[INFO: 2026-06-02 04:10:21: eoutils.S1Processor] Processing band 1/2: HH
[INFO: 2026-06-02 04:10:22: eoutils.S1Processor] Calibration and thermal noise removal...
[INFO: 2026-06-02 04:10:29: eoutils.S1Processor] Converting to dB...
[INFO: 2026-06-02 04:10:29: eoutils.S1Processor] Processing band 2/2: HV
[INFO: 2026-06-02 04:10:31: eoutils.S1Processor] Calibration and thermal noise removal...
[INFO: 2026-06-02 04:10:35: eoutils.S1Processor] Converting to dB...
[INFO: 2026-06-02 04:10:36: eoutils.S1Processor] Processing finished in 15.41s.
[INFO: 2026-06-02 04:10:41: eoutils.S1Processor] Processesing started for S1A_EW_GRDM_1SDH_20210308T074724_20210308T074824_036904_04573E_7079.SAFE.zip
[INFO: 2026-06-02 04:10:41: eoutils.S1Processor] Processing band 1/2: HH
[INFO: 2026-06-02 04:10:42: eoutils.S1Processor] Calibration and thermal noise removal...
[INFO: 2026-06-02 04:10:46: eoutils.S1Processor] Converting to dB...
[INFO: 2026-06-02 04:10:47: eoutils.S1Processor] Processing band 2/2: HV
[INFO: 2026-06-02 04:10:47: eoutils.S1Processor] Calibration and thermal noise removal...
[INFO: 2026-06-02 04:10:51: eoutils.S1Processor] Converting to dB...
[INFO: 2026-06-02 04:10:53: eoutils.S1Processor] Processing finished in 11.23s.
No valid patches for row 559
Processing row 560
[INFO: 2026-06-02 04:13:22: eoutils.S1Processor] Processesing started for S1A_EW_GRDM_1SDH_20210309T181211_20210309T181311_036925_045800_BFB1.SAFE.zip
[INFO: 2026-06-02 04:13:22: eoutils.S1Processor] Processing band 1/2: HH
[INFO: 2026-06-02 04:13:24: eoutils.S1Processor] Calibration and thermal noise removal...
[INFO: 2026-06-02 04:13:28: eoutils.S1Processor] Converting to dB...
[INFO: 2026-06-02 04:13:28: eoutils.S1Processor] Processing band 2/2: HV
[INFO: 2026-06-02 04:13:30: eoutils.S1Processor] Calibration and thermal noise removal...
[INFO: 2026-06-02 04:13:33: eoutils.S1Processor] Converting to dB...
[INFO: 2026-06-02 04:13:35: eoutils.S1Processor] Processing finished in 12.54s.
[INFO: 2026-06-02 04:13:40: eoutils.S1Processor] Processesing started for S1A_EW_GRDM_1SDH_20210309T082818_20210309T082918_036919_0457CE_1A90.SAFE.zip
[INFO: 2026-06-02 04:13:40: eoutils.S1Processor] Processing band 1/2: HH
[INFO: 2026-06-02 04:13:42: eoutils.S1Processor] Calibration and thermal noise removal...
[INFO: 2026-06-02 04:13:46: eoutils.S1Processor] Converting to dB...
[INFO: 2026-06-02 04:13:46: eoutils.S1Processor] Processing band 2/2: HV
[INFO: 2026-06-02 04:13:48: eoutils.S1Processor] Calibration and thermal noise removal...
[INFO: 2026-06-02 04:13:52: eoutils.S1Processor] Converting to dB...
[INFO: 2026-06-02 04:13:53: eoutils.S1Processor] Processing finished in 13.07s.
100%|████████████████████████████████████████████████████████████████████████████████████████████████████████████████████████████████████| 14/14 [00:05<00:00,  2.50it/s]
Processing row 561
[INFO: 2026-06-02 04:16:36: eoutils.S1Processor] Processesing started for S1A_EW_GRDM_1SDH_20210308T190925_20210308T191026_036911_045781_0A64.SAFE.zip
[INFO: 2026-06-02 04:16:36: eoutils.S1Processor] Processing band 1/2: HH
[INFO: 2026-06-02 04:16:38: eoutils.S1Processor] Calibration and thermal noise removal...
[INFO: 2026-06-02 04:16:46: eoutils.S1Processor] Converting to dB...
[INFO: 2026-06-02 04:16:47: eoutils.S1Processor] Processing band 2/2: HV
[INFO: 2026-06-02 04:16:48: eoutils.S1Processor] Calibration and thermal noise removal...
[INFO: 2026-06-02 04:16:54: eoutils.S1Processor] Converting to dB...
[INFO: 2026-06-02 04:16:56: eoutils.S1Processor] Processing finished in 19.21s.
[INFO: 2026-06-02 04:17:01: eoutils.S1Processor] Processesing started for S1A_EW_GRDM_1SDH_20210309T082818_20210309T082918_036919_0457CE_1A90.SAFE.zip
[INFO: 2026-06-02 04:17:01: eoutils.S1Processor] Processing band 1/2: HH
[INFO: 2026-06-02 04:17:01: eoutils.S1Processor] Calibration and thermal noise removal...
[INFO: 2026-06-02 04:17:05: eoutils.S1Processor] Converting to dB...
[INFO: 2026-06-02 04:17:06: eoutils.S1Processor] Processing band 2/2: HV
[INFO: 2026-06-02 04:17:07: eoutils.S1Processor] Calibration and thermal noise removal...
[INFO: 2026-06-02 04:17:11: eoutils.S1Processor] Converting to dB...
[INFO: 2026-06-02 04:17:12: eoutils.S1Processor] Processing finished in 11.28s.
No valid patches for row 561
Processing row 562
[INFO: 2026-06-02 04:19:51: eoutils.S1Processor] Processesing started for S1B_EW_GRDM_1SDH_20210309T185934_20210309T190038_025942_03182B_86A1.SAFE.zip
[INFO: 2026-06-02 04:19:51: eoutils.S1Processor] Processing band 1/2: HH
[INFO: 2026-06-02 04:19:53: eoutils.S1Processor] Calibration and thermal noise removal...
[INFO: 2026-06-02 04:19:58: eoutils.S1Processor] Converting to dB...
[INFO: 2026-06-02 04:19:59: eoutils.S1Processor] Processing band 2/2: HV
[INFO: 2026-06-02 04:20:00: eoutils.S1Processor] Calibration and thermal noise removal...
[INFO: 2026-06-02 04:20:04: eoutils.S1Processor] Converting to dB...
[INFO: 2026-06-02 04:20:05: eoutils.S1Processor] Processing finished in 14.60s.
[INFO: 2026-06-02 04:20:11: eoutils.S1Processor] Processesing started for S1A_EW_GRDM_1SDH_20210309T082918_20210309T083018_036919_0457CE_A3BD.SAFE.zip
[INFO: 2026-06-02 04:20:11: eoutils.S1Processor] Processing band 1/2: HH
[INFO: 2026-06-02 04:20:12: eoutils.S1Processor] Calibration and thermal noise removal...
[INFO: 2026-06-02 04:20:16: eoutils.S1Processor] Converting to dB...
[INFO: 2026-06-02 04:20:17: eoutils.S1Processor] Processing band 2/2: HV
[INFO: 2026-06-02 04:20:19: eoutils.S1Processor] Calibration and thermal noise removal...
[INFO: 2026-06-02 04:20:23: eoutils.S1Processor] Converting to dB...
[INFO: 2026-06-02 04:20:24: eoutils.S1Processor] Processing finished in 13.11s.
100%|████████████████████████████████████████████████████████████████████████████████████████████████████████████████████████████████████| 17/17 [00:06<00:00,  2.69it/s]
Processing row 563
[INFO: 2026-06-02 04:23:10: eoutils.S1Processor] Processesing started for S1A_EW_GRDM_1SDH_20210308T190825_20210308T190925_036911_045781_28F4.SAFE.zip
[INFO: 2026-06-02 04:23:10: eoutils.S1Processor] Processing band 1/2: HH
[INFO: 2026-06-02 04:23:12: eoutils.S1Processor] Calibration and thermal noise removal...
[INFO: 2026-06-02 04:23:15: eoutils.S1Processor] Converting to dB...
[INFO: 2026-06-02 04:23:16: eoutils.S1Processor] Processing band 2/2: HV
[INFO: 2026-06-02 04:23:17: eoutils.S1Processor] Calibration and thermal noise removal...
[INFO: 2026-06-02 04:23:21: eoutils.S1Processor] Converting to dB...
[INFO: 2026-06-02 04:23:22: eoutils.S1Processor] Processing finished in 12.19s.
[INFO: 2026-06-02 04:23:27: eoutils.S1Processor] Processesing started for S1A_EW_GRDM_1SDH_20210309T082918_20210309T083018_036919_0457CE_A3BD.SAFE.zip
[INFO: 2026-06-02 04:23:27: eoutils.S1Processor] Processing band 1/2: HH
[INFO: 2026-06-02 04:23:28: eoutils.S1Processor] Calibration and thermal noise removal...
[INFO: 2026-06-02 04:23:32: eoutils.S1Processor] Converting to dB...
[INFO: 2026-06-02 04:23:33: eoutils.S1Processor] Processing band 2/2: HV
[INFO: 2026-06-02 04:23:33: eoutils.S1Processor] Calibration and thermal noise removal...
[INFO: 2026-06-02 04:23:37: eoutils.S1Processor] Converting to dB...
[INFO: 2026-06-02 04:23:39: eoutils.S1Processor] Processing finished in 11.23s.
100%|████████████████████████████████████████████████████████████████████████████████████████████████████████████████████████████████████| 12/12 [00:04<00:00,  2.56it/s]
Processing row 564
[INFO: 2026-06-02 04:26:20: eoutils.S1Processor] Processesing started for S1B_EW_GRDM_1SDH_20210311T184341_20210311T184441_025971_031911_DCDA.SAFE.zip
[INFO: 2026-06-02 04:26:20: eoutils.S1Processor] Processing band 1/2: HH
[INFO: 2026-06-02 04:26:22: eoutils.S1Processor] Calibration and thermal noise removal...
[INFO: 2026-06-02 04:26:28: eoutils.S1Processor] Converting to dB...
[INFO: 2026-06-02 04:26:29: eoutils.S1Processor] Processing band 2/2: HV
[INFO: 2026-06-02 04:26:31: eoutils.S1Processor] Calibration and thermal noise removal...
[INFO: 2026-06-02 04:26:37: eoutils.S1Processor] Converting to dB...
[INFO: 2026-06-02 04:26:38: eoutils.S1Processor] Processing finished in 18.11s.
[INFO: 2026-06-02 04:26:44: eoutils.S1Processor] Processesing started for S1A_EW_GRDM_1SDH_20210311T081217_20210311T081317_036948_0458D5_88D1.SAFE.zip
[INFO: 2026-06-02 04:26:44: eoutils.S1Processor] Processing band 1/2: HH
[INFO: 2026-06-02 04:26:45: eoutils.S1Processor] Calibration and thermal noise removal...
[INFO: 2026-06-02 04:26:49: eoutils.S1Processor] Converting to dB...
[INFO: 2026-06-02 04:26:50: eoutils.S1Processor] Processing band 2/2: HV
[INFO: 2026-06-02 04:26:51: eoutils.S1Processor] Calibration and thermal noise removal...
[INFO: 2026-06-02 04:26:55: eoutils.S1Processor] Converting to dB...
[INFO: 2026-06-02 04:26:57: eoutils.S1Processor] Processing finished in 13.07s.
100%|████████████████████████████████████████████████████████████████████████████████████████████████████████████████████████████████████| 20/20 [00:08<00:00,  2.50it/s]
Processing row 565
[INFO: 2026-06-02 04:29:36: eoutils.S1Processor] Processesing started for S1A_EW_GRDM_1SDH_20210310T185317_20210310T185403_036940_045895_8AE6.SAFE.zip
[INFO: 2026-06-02 04:29:36: eoutils.S1Processor] Processing band 1/2: HH
[INFO: 2026-06-02 04:29:37: eoutils.S1Processor] Calibration and thermal noise removal...
[INFO: 2026-06-02 04:29:40: eoutils.S1Processor] Converting to dB...
[INFO: 2026-06-02 04:29:40: eoutils.S1Processor] Processing band 2/2: HV
[INFO: 2026-06-02 04:29:41: eoutils.S1Processor] Calibration and thermal noise removal...
[INFO: 2026-06-02 04:29:44: eoutils.S1Processor] Converting to dB...
[INFO: 2026-06-02 04:29:45: eoutils.S1Processor] Processing finished in 9.09s.
[INFO: 2026-06-02 04:29:50: eoutils.S1Processor] Processesing started for S1A_EW_GRDM_1SDH_20210311T081217_20210311T081317_036948_0458D5_88D1.SAFE.zip
[INFO: 2026-06-02 04:29:50: eoutils.S1Processor] Processing band 1/2: HH
[INFO: 2026-06-02 04:29:50: eoutils.S1Processor] Calibration and thermal noise removal...
[INFO: 2026-06-02 04:29:55: eoutils.S1Processor] Converting to dB...
[INFO: 2026-06-02 04:29:55: eoutils.S1Processor] Processing band 2/2: HV
[INFO: 2026-06-02 04:29:56: eoutils.S1Processor] Calibration and thermal noise removal...
[INFO: 2026-06-02 04:30:00: eoutils.S1Processor] Converting to dB...
[INFO: 2026-06-02 04:30:01: eoutils.S1Processor] Processing finished in 11.43s.
100%|██████████████████████████████████████████████████████████████████████████████████████████████████████████████████████████████████████| 8/8 [00:02<00:00,  2.87it/s]
Processing row 566
[INFO: 2026-06-02 04:32:25: eoutils.S1Processor] Processesing started for S1B_EW_GRDM_1SDH_20210311T184341_20210311T184441_025971_031911_DCDA.SAFE.zip
[INFO: 2026-06-02 04:32:25: eoutils.S1Processor] Processing band 1/2: HH
[INFO: 2026-06-02 04:32:27: eoutils.S1Processor] Calibration and thermal noise removal...
[INFO: 2026-06-02 04:32:31: eoutils.S1Processor] Converting to dB...
[INFO: 2026-06-02 04:32:31: eoutils.S1Processor] Processing band 2/2: HV
[INFO: 2026-06-02 04:32:33: eoutils.S1Processor] Calibration and thermal noise removal...
[INFO: 2026-06-02 04:32:36: eoutils.S1Processor] Converting to dB...
[INFO: 2026-06-02 04:32:37: eoutils.S1Processor] Processing finished in 12.09s.
[INFO: 2026-06-02 04:32:43: eoutils.S1Processor] Processesing started for S1A_EW_GRDM_1SDH_20210311T081317_20210311T081417_036948_0458D5_7405.SAFE.zip
[INFO: 2026-06-02 04:32:43: eoutils.S1Processor] Processing band 1/2: HH
[INFO: 2026-06-02 04:32:45: eoutils.S1Processor] Calibration and thermal noise removal...
[INFO: 2026-06-02 04:32:49: eoutils.S1Processor] Converting to dB...
[INFO: 2026-06-02 04:32:49: eoutils.S1Processor] Processing band 2/2: HV
[INFO: 2026-06-02 04:32:51: eoutils.S1Processor] Calibration and thermal noise removal...
[INFO: 2026-06-02 04:32:55: eoutils.S1Processor] Converting to dB...
[INFO: 2026-06-02 04:32:56: eoutils.S1Processor] Processing finished in 13.18s.
100%|████████████████████████████████████████████████████████████████████████████████████████████████████████████████████████████████████| 11/11 [00:04<00:00,  2.62it/s]
Processing row 567
[INFO: 2026-06-02 04:35:38: eoutils.S1Processor] Processesing started for S1B_EW_GRDM_1SDH_20210310T082023_20210310T082123_025950_031866_023E.SAFE.zip
[INFO: 2026-06-02 04:35:38: eoutils.S1Processor] Processing band 1/2: HH
[INFO: 2026-06-02 04:35:40: eoutils.S1Processor] Calibration and thermal noise removal...
[INFO: 2026-06-02 04:35:44: eoutils.S1Processor] Converting to dB...
[INFO: 2026-06-02 04:35:44: eoutils.S1Processor] Processing band 2/2: HV
[INFO: 2026-06-02 04:35:46: eoutils.S1Processor] Calibration and thermal noise removal...
[INFO: 2026-06-02 04:35:50: eoutils.S1Processor] Converting to dB...
[INFO: 2026-06-02 04:35:51: eoutils.S1Processor] Processing finished in 13.34s.
[INFO: 2026-06-02 04:35:57: eoutils.S1Processor] Processesing started for S1A_EW_GRDM_1SDH_20210311T081317_20210311T081417_036948_0458D5_7405.SAFE.zip
[INFO: 2026-06-02 04:35:57: eoutils.S1Processor] Processing band 1/2: HH
[INFO: 2026-06-02 04:35:57: eoutils.S1Processor] Calibration and thermal noise removal...
[INFO: 2026-06-02 04:36:01: eoutils.S1Processor] Converting to dB...
[INFO: 2026-06-02 04:36:02: eoutils.S1Processor] Processing band 2/2: HV
[INFO: 2026-06-02 04:36:03: eoutils.S1Processor] Calibration and thermal noise removal...
[INFO: 2026-06-02 04:36:07: eoutils.S1Processor] Converting to dB...
[INFO: 2026-06-02 04:36:08: eoutils.S1Processor] Processing finished in 11.25s.
100%|████████████████████████████████████████████████████████████████████████████████████████████████████████████████████████████████████| 15/15 [00:05<00:00,  2.71it/s]
Processing row 568
[INFO: 2026-06-02 04:38:50: eoutils.S1Processor] Processesing started for S1B_EW_GRDM_1SDH_20210312T210348_20210312T210448_025987_0319A7_7FEB.SAFE.zip
[INFO: 2026-06-02 04:38:50: eoutils.S1Processor] Processing band 1/2: HH
[INFO: 2026-06-02 04:38:52: eoutils.S1Processor] Calibration and thermal noise removal...
[INFO: 2026-06-02 04:38:56: eoutils.S1Processor] Converting to dB...
[INFO: 2026-06-02 04:38:57: eoutils.S1Processor] Processing band 2/2: HV
[INFO: 2026-06-02 04:38:58: eoutils.S1Processor] Calibration and thermal noise removal...
[INFO: 2026-06-02 04:39:03: eoutils.S1Processor] Converting to dB...
[INFO: 2026-06-02 04:39:04: eoutils.S1Processor] Processing finished in 13.60s.
[INFO: 2026-06-02 04:39:09: eoutils.S1Processor] Processesing started for S1A_EW_GRDM_1SDH_20210311T211233_20210311T211333_036956_045918_55BF.SAFE.zip
[INFO: 2026-06-02 04:39:09: eoutils.S1Processor] Processing band 1/2: HH
[INFO: 2026-06-02 04:39:11: eoutils.S1Processor] Calibration and thermal noise removal...
[INFO: 2026-06-02 04:39:15: eoutils.S1Processor] Converting to dB...
[INFO: 2026-06-02 04:39:16: eoutils.S1Processor] Processing band 2/2: HV
[INFO: 2026-06-02 04:39:18: eoutils.S1Processor] Calibration and thermal noise removal...
[INFO: 2026-06-02 04:39:22: eoutils.S1Processor] Converting to dB...
[INFO: 2026-06-02 04:39:23: eoutils.S1Processor] Processing finished in 13.82s.
100%|██████████████████████████████████████████████████████████████████████████████████████████████████████████████████████████████████████| 9/9 [00:03<00:00,  2.54it/s]
Processing row 569
[INFO: 2026-06-02 04:42:02: eoutils.S1Processor] Processesing started for S1B_EW_GRDM_1SDH_20210311T202328_20210311T202427_025972_031918_19C9.SAFE.zip
[INFO: 2026-06-02 04:42:02: eoutils.S1Processor] Processing band 1/2: HH
[INFO: 2026-06-02 04:42:04: eoutils.S1Processor] Calibration and thermal noise removal...
[INFO: 2026-06-02 04:42:10: eoutils.S1Processor] Converting to dB...
[INFO: 2026-06-02 04:42:11: eoutils.S1Processor] Processing band 2/2: HV
[INFO: 2026-06-02 04:42:13: eoutils.S1Processor] Calibration and thermal noise removal...
[INFO: 2026-06-02 04:42:19: eoutils.S1Processor] Converting to dB...
[INFO: 2026-06-02 04:42:21: eoutils.S1Processor] Processing finished in 18.57s.
[INFO: 2026-06-02 04:42:27: eoutils.S1Processor] Processesing started for S1A_EW_GRDM_1SDH_20210311T211233_20210311T211333_036956_045918_55BF.SAFE.zip
[INFO: 2026-06-02 04:42:27: eoutils.S1Processor] Processing band 1/2: HH
[INFO: 2026-06-02 04:42:28: eoutils.S1Processor] Calibration and thermal noise removal...
[INFO: 2026-06-02 04:42:33: eoutils.S1Processor] Converting to dB...
[INFO: 2026-06-02 04:42:34: eoutils.S1Processor] Processing band 2/2: HV
[INFO: 2026-06-02 04:42:34: eoutils.S1Processor] Calibration and thermal noise removal...
[INFO: 2026-06-02 04:42:38: eoutils.S1Processor] Converting to dB...
[INFO: 2026-06-02 04:42:40: eoutils.S1Processor] Processing finished in 12.55s.
No valid patches for row 569
Processing row 570
[INFO: 2026-06-02 04:45:15: eoutils.S1Processor] Processesing started for S1B_EW_GRDM_1SDH_20210312T111949_20210312T112054_025981_03196B_AE61.SAFE.zip
[INFO: 2026-06-02 04:45:15: eoutils.S1Processor] Processing band 1/2: HH
[INFO: 2026-06-02 04:45:18: eoutils.S1Processor] Calibration and thermal noise removal...
[INFO: 2026-06-02 04:45:25: eoutils.S1Processor] Converting to dB...
[INFO: 2026-06-02 04:45:26: eoutils.S1Processor] Processing band 2/2: HV
[INFO: 2026-06-02 04:45:28: eoutils.S1Processor] Calibration and thermal noise removal...
[INFO: 2026-06-02 04:45:36: eoutils.S1Processor] Converting to dB...
[INFO: 2026-06-02 04:45:37: eoutils.S1Processor] Processing finished in 22.20s.
[INFO: 2026-06-02 04:45:43: eoutils.S1Processor] Processesing started for S1A_EW_GRDM_1SDH_20210311T211333_20210311T211433_036956_045918_341A.SAFE.zip
[INFO: 2026-06-02 04:45:43: eoutils.S1Processor] Processing band 1/2: HH
[INFO: 2026-06-02 04:45:44: eoutils.S1Processor] Calibration and thermal noise removal...
[INFO: 2026-06-02 04:45:49: eoutils.S1Processor] Converting to dB...
[INFO: 2026-06-02 04:45:49: eoutils.S1Processor] Processing band 2/2: HV
[INFO: 2026-06-02 04:45:51: eoutils.S1Processor] Calibration and thermal noise removal...
[INFO: 2026-06-02 04:45:55: eoutils.S1Processor] Converting to dB...
[INFO: 2026-06-02 04:45:56: eoutils.S1Processor] Processing finished in 13.49s.
100%|████████████████████████████████████████████████████████████████████████████████████████████████████████████████████████████████████| 23/23 [00:09<00:00,  2.50it/s]
Processing row 571
[INFO: 2026-06-02 04:48:51: eoutils.S1Processor] Processesing started for S1B_EW_GRDM_1SDH_20210311T202328_20210311T202427_025972_031918_19C9.SAFE.zip
[INFO: 2026-06-02 04:48:51: eoutils.S1Processor] Processing band 1/2: HH
[INFO: 2026-06-02 04:48:53: eoutils.S1Processor] Calibration and thermal noise removal...
[INFO: 2026-06-02 04:48:57: eoutils.S1Processor] Converting to dB...
[INFO: 2026-06-02 04:48:58: eoutils.S1Processor] Processing band 2/2: HV
[INFO: 2026-06-02 04:48:59: eoutils.S1Processor] Calibration and thermal noise removal...
[INFO: 2026-06-02 04:49:04: eoutils.S1Processor] Converting to dB...
[INFO: 2026-06-02 04:49:05: eoutils.S1Processor] Processing finished in 13.44s.
[INFO: 2026-06-02 04:49:10: eoutils.S1Processor] Processesing started for S1A_EW_GRDM_1SDH_20210311T211333_20210311T211433_036956_045918_341A.SAFE.zip
[INFO: 2026-06-02 04:49:10: eoutils.S1Processor] Processing band 1/2: HH
[INFO: 2026-06-02 04:49:11: eoutils.S1Processor] Calibration and thermal noise removal...
[INFO: 2026-06-02 04:49:15: eoutils.S1Processor] Converting to dB...
[INFO: 2026-06-02 04:49:16: eoutils.S1Processor] Processing band 2/2: HV
[INFO: 2026-06-02 04:49:16: eoutils.S1Processor] Calibration and thermal noise removal...
[INFO: 2026-06-02 04:49:21: eoutils.S1Processor] Converting to dB...
[INFO: 2026-06-02 04:49:22: eoutils.S1Processor] Processing finished in 11.68s.
100%|██████████████████████████████████████████████████████████████████████████████████████████████████████████████████████████████████████| 7/7 [00:02<00:00,  2.63it/s]
Processing row 572
[INFO: 2026-06-02 04:52:00: eoutils.S1Processor] Processesing started for S1A_EW_GRDM_1SDH_20210311T211133_20210311T211233_036956_045918_D495.SAFE.zip
[INFO: 2026-06-02 04:52:00: eoutils.S1Processor] Processing band 1/2: HH
[INFO: 2026-06-02 04:52:01: eoutils.S1Processor] Calibration and thermal noise removal...
[INFO: 2026-06-02 04:52:06: eoutils.S1Processor] Converting to dB...
[INFO: 2026-06-02 04:52:06: eoutils.S1Processor] Processing band 2/2: HV
[INFO: 2026-06-02 04:52:08: eoutils.S1Processor] Calibration and thermal noise removal...
[INFO: 2026-06-02 04:52:12: eoutils.S1Processor] Converting to dB...
[INFO: 2026-06-02 04:52:13: eoutils.S1Processor] Processing finished in 13.50s.
[INFO: 2026-06-02 04:52:19: eoutils.S1Processor] Processesing started for S1B_EW_GRDM_1SDH_20210312T210244_20210312T210348_025987_0319A7_14E5.SAFE.zip
[INFO: 2026-06-02 04:52:19: eoutils.S1Processor] Processing band 1/2: HH
[INFO: 2026-06-02 04:52:21: eoutils.S1Processor] Calibration and thermal noise removal...
[INFO: 2026-06-02 04:52:25: eoutils.S1Processor] Converting to dB...
[INFO: 2026-06-02 04:52:26: eoutils.S1Processor] Processing band 2/2: HV
[INFO: 2026-06-02 04:52:27: eoutils.S1Processor] Calibration and thermal noise removal...
[INFO: 2026-06-02 04:52:32: eoutils.S1Processor] Converting to dB...
[INFO: 2026-06-02 04:52:33: eoutils.S1Processor] Processing finished in 14.32s.
100%|██████████████████████████████████████████████████████████████████████████████████████████████████████████████████████████████████████| 5/5 [00:01<00:00,  2.83it/s]
Processing row 573
[INFO: 2026-06-02 04:55:20: eoutils.S1Processor] Processesing started for S1B_EW_GRDM_1SDH_20210315T194733_20210315T194833_026030_031B15_19C4.SAFE.zip
[INFO: 2026-06-02 04:55:20: eoutils.S1Processor] Processing band 1/2: HH
[INFO: 2026-06-02 04:55:21: eoutils.S1Processor] Calibration and thermal noise removal...
[INFO: 2026-06-02 04:55:25: eoutils.S1Processor] Converting to dB...
[INFO: 2026-06-02 04:55:26: eoutils.S1Processor] Processing band 2/2: HV
[INFO: 2026-06-02 04:55:27: eoutils.S1Processor] Calibration and thermal noise removal...
[INFO: 2026-06-02 04:55:32: eoutils.S1Processor] Converting to dB...
[INFO: 2026-06-02 04:55:33: eoutils.S1Processor] Processing finished in 12.86s.
[INFO: 2026-06-02 04:55:38: eoutils.S1Processor] Processesing started for S1A_EW_GRDM_1SDH_20210314T195632_20210314T195732_036999_045A90_6527.SAFE.zip
[INFO: 2026-06-02 04:55:38: eoutils.S1Processor] Processing band 1/2: HH
[INFO: 2026-06-02 04:55:40: eoutils.S1Processor] Calibration and thermal noise removal...
[INFO: 2026-06-02 04:55:44: eoutils.S1Processor] Converting to dB...
[INFO: 2026-06-02 04:55:44: eoutils.S1Processor] Processing band 2/2: HV
[INFO: 2026-06-02 04:55:46: eoutils.S1Processor] Calibration and thermal noise removal...
[INFO: 2026-06-02 04:55:50: eoutils.S1Processor] Converting to dB...
[INFO: 2026-06-02 04:55:51: eoutils.S1Processor] Processing finished in 12.76s.
100%|████████████████████████████████████████████████████████████████████████████████████████████████████████████████████████████████████| 10/10 [00:04<00:00,  2.37it/s]
Processing row 574
[INFO: 2026-06-02 04:58:38: eoutils.S1Processor] Processesing started for S1B_EW_GRDM_1SDH_20210313T200402_20210313T200502_026001_031A27_E2FE.SAFE.zip
[INFO: 2026-06-02 04:58:38: eoutils.S1Processor] Processing band 1/2: HH
[INFO: 2026-06-02 04:58:40: eoutils.S1Processor] Calibration and thermal noise removal...
[INFO: 2026-06-02 04:58:44: eoutils.S1Processor] Converting to dB...
[INFO: 2026-06-02 04:58:45: eoutils.S1Processor] Processing band 2/2: HV
[INFO: 2026-06-02 04:58:46: eoutils.S1Processor] Calibration and thermal noise removal...
[INFO: 2026-06-02 04:58:50: eoutils.S1Processor] Converting to dB...
[INFO: 2026-06-02 04:58:51: eoutils.S1Processor] Processing finished in 13.09s.
[INFO: 2026-06-02 04:58:57: eoutils.S1Processor] Processesing started for S1A_EW_GRDM_1SDH_20210314T195632_20210314T195732_036999_045A90_6527.SAFE.zip
[INFO: 2026-06-02 04:58:57: eoutils.S1Processor] Processing band 1/2: HH
[INFO: 2026-06-02 04:58:57: eoutils.S1Processor] Calibration and thermal noise removal...
[INFO: 2026-06-02 04:59:01: eoutils.S1Processor] Converting to dB...
[INFO: 2026-06-02 04:59:02: eoutils.S1Processor] Processing band 2/2: HV
[INFO: 2026-06-02 04:59:02: eoutils.S1Processor] Calibration and thermal noise removal...
[INFO: 2026-06-02 04:59:06: eoutils.S1Processor] Converting to dB...
[INFO: 2026-06-02 04:59:08: eoutils.S1Processor] Processing finished in 11.03s.
100%|██████████████████████████████████████████████████████████████████████████████████████████████████████████████████████████████████████| 9/9 [00:03<00:00,  2.59it/s]
Processing row 575
[INFO: 2026-06-02 05:01:52: eoutils.S1Processor] Processesing started for S1B_EW_GRDM_1SDH_20210315T181147_20210315T181247_026029_031B0D_D344.SAFE.zip
[INFO: 2026-06-02 05:01:52: eoutils.S1Processor] Processing band 1/2: HH
[INFO: 2026-06-02 05:01:54: eoutils.S1Processor] Calibration and thermal noise removal...
[INFO: 2026-06-02 05:01:58: eoutils.S1Processor] Converting to dB...
[INFO: 2026-06-02 05:01:58: eoutils.S1Processor] Processing band 2/2: HV
[INFO: 2026-06-02 05:02:00: eoutils.S1Processor] Calibration and thermal noise removal...
[INFO: 2026-06-02 05:02:04: eoutils.S1Processor] Converting to dB...
[INFO: 2026-06-02 05:02:05: eoutils.S1Processor] Processing finished in 12.60s.
[INFO: 2026-06-02 05:02:10: eoutils.S1Processor] Processesing started for S1B_EW_GRDM_1SDH_20210315T082735_20210315T082835_026023_031AD7_FCB6.SAFE.zip
[INFO: 2026-06-02 05:02:10: eoutils.S1Processor] Processing band 1/2: HH
[INFO: 2026-06-02 05:02:12: eoutils.S1Processor] Calibration and thermal noise removal...
[INFO: 2026-06-02 05:02:16: eoutils.S1Processor] Converting to dB...
[INFO: 2026-06-02 05:02:17: eoutils.S1Processor] Processing band 2/2: HV
[INFO: 2026-06-02 05:02:18: eoutils.S1Processor] Calibration and thermal noise removal...
[INFO: 2026-06-02 05:02:22: eoutils.S1Processor] Converting to dB...
[INFO: 2026-06-02 05:02:24: eoutils.S1Processor] Processing finished in 13.42s.
100%|████████████████████████████████████████████████████████████████████████████████████████████████████████████████████████████████████| 10/10 [00:04<00:00,  2.46it/s]
Processing row 576
[INFO: 2026-06-02 05:05:02: eoutils.S1Processor] Processesing started for S1B_EW_GRDM_1SDH_20210314T190843_20210314T190944_026015_031A9F_2BB0.SAFE.zip
[INFO: 2026-06-02 05:05:02: eoutils.S1Processor] Processing band 1/2: HH
[INFO: 2026-06-02 05:05:04: eoutils.S1Processor] Calibration and thermal noise removal...
[INFO: 2026-06-02 05:05:08: eoutils.S1Processor] Converting to dB...
[INFO: 2026-06-02 05:05:09: eoutils.S1Processor] Processing band 2/2: HV
[INFO: 2026-06-02 05:05:10: eoutils.S1Processor] Calibration and thermal noise removal...
[INFO: 2026-06-02 05:05:15: eoutils.S1Processor] Converting to dB...
[INFO: 2026-06-02 05:05:16: eoutils.S1Processor] Processing finished in 13.36s.
[INFO: 2026-06-02 05:05:21: eoutils.S1Processor] Processesing started for S1B_EW_GRDM_1SDH_20210315T082735_20210315T082835_026023_031AD7_FCB6.SAFE.zip
[INFO: 2026-06-02 05:05:21: eoutils.S1Processor] Processing band 1/2: HH
[INFO: 2026-06-02 05:05:22: eoutils.S1Processor] Calibration and thermal noise removal...
[INFO: 2026-06-02 05:05:26: eoutils.S1Processor] Converting to dB...
[INFO: 2026-06-02 05:05:26: eoutils.S1Processor] Processing band 2/2: HV
[INFO: 2026-06-02 05:05:27: eoutils.S1Processor] Calibration and thermal noise removal...
[INFO: 2026-06-02 05:05:31: eoutils.S1Processor] Converting to dB...
[INFO: 2026-06-02 05:05:33: eoutils.S1Processor] Processing finished in 11.44s.
100%|██████████████████████████████████████████████████████████████████████████████████████████████████████████████████████████████████████| 1/1 [00:00<00:00,  2.23it/s]
Processing row 577
[INFO: 2026-06-02 05:08:06: eoutils.S1Processor] Processesing started for S1A_EW_GRDM_1SDH_20210315T190016_20210315T190120_037013_045B0E_36B1.SAFE.zip
[INFO: 2026-06-02 05:08:06: eoutils.S1Processor] Processing band 1/2: HH
[INFO: 2026-06-02 05:08:08: eoutils.S1Processor] Calibration and thermal noise removal...
[INFO: 2026-06-02 05:08:12: eoutils.S1Processor] Converting to dB...
[INFO: 2026-06-02 05:08:13: eoutils.S1Processor] Processing band 2/2: HV
[INFO: 2026-06-02 05:08:16: eoutils.S1Processor] Calibration and thermal noise removal...
[INFO: 2026-06-02 05:08:19: eoutils.S1Processor] Converting to dB...
[INFO: 2026-06-02 05:08:21: eoutils.S1Processor] Processing finished in 14.76s.
[INFO: 2026-06-02 05:08:26: eoutils.S1Processor] Processesing started for S1B_EW_GRDM_1SDH_20210315T082835_20210315T082935_026023_031AD7_1192.SAFE.zip
[INFO: 2026-06-02 05:08:26: eoutils.S1Processor] Processing band 1/2: HH
[INFO: 2026-06-02 05:08:29: eoutils.S1Processor] Calibration and thermal noise removal...
[INFO: 2026-06-02 05:08:33: eoutils.S1Processor] Converting to dB...
[INFO: 2026-06-02 05:08:33: eoutils.S1Processor] Processing band 2/2: HV
[INFO: 2026-06-02 05:08:35: eoutils.S1Processor] Calibration and thermal noise removal...
[INFO: 2026-06-02 05:08:40: eoutils.S1Processor] Converting to dB...
[INFO: 2026-06-02 05:08:41: eoutils.S1Processor] Processing finished in 14.63s.
100%|████████████████████████████████████████████████████████████████████████████████████████████████████████████████████████████████████| 20/20 [00:07<00:00,  2.66it/s]
Processing row 578
[INFO: 2026-06-02 05:11:37: eoutils.S1Processor] Processesing started for S1B_EW_GRDM_1SDH_20210314T190743_20210314T190843_026015_031A9F_21ED.SAFE.zip
[INFO: 2026-06-02 05:11:37: eoutils.S1Processor] Processing band 1/2: HH
[INFO: 2026-06-02 05:11:38: eoutils.S1Processor] Calibration and thermal noise removal...
[INFO: 2026-06-02 05:11:45: eoutils.S1Processor] Converting to dB...
[INFO: 2026-06-02 05:11:45: eoutils.S1Processor] Processing band 2/2: HV
[INFO: 2026-06-02 05:11:47: eoutils.S1Processor] Calibration and thermal noise removal...
[INFO: 2026-06-02 05:11:54: eoutils.S1Processor] Converting to dB...
[INFO: 2026-06-02 05:11:57: eoutils.S1Processor] Processing finished in 20.35s.
[INFO: 2026-06-02 05:12:02: eoutils.S1Processor] Processesing started for S1B_EW_GRDM_1SDH_20210315T082835_20210315T082935_026023_031AD7_1192.SAFE.zip
[INFO: 2026-06-02 05:12:02: eoutils.S1Processor] Processing band 1/2: HH
[INFO: 2026-06-02 05:12:03: eoutils.S1Processor] Calibration and thermal noise removal...
[INFO: 2026-06-02 05:12:07: eoutils.S1Processor] Converting to dB...
[INFO: 2026-06-02 05:12:08: eoutils.S1Processor] Processing band 2/2: HV
[INFO: 2026-06-02 05:12:08: eoutils.S1Processor] Calibration and thermal noise removal...
[INFO: 2026-06-02 05:12:12: eoutils.S1Processor] Converting to dB...
[INFO: 2026-06-02 05:12:14: eoutils.S1Processor] Processing finished in 11.26s.
100%|████████████████████████████████████████████████████████████████████████████████████████████████████████████████████████████████████| 13/13 [00:05<00:00,  2.44it/s]
Processing row 579
[INFO: 2026-06-02 05:14:55: eoutils.S1Processor] Processesing started for S1A_EW_GRDM_1SDH_20210316T180441_20210316T180541_037027_045B91_2B66.SAFE.zip
[INFO: 2026-06-02 05:14:55: eoutils.S1Processor] Processing band 1/2: HH
[INFO: 2026-06-02 05:14:56: eoutils.S1Processor] Calibration and thermal noise removal...
[INFO: 2026-06-02 05:15:02: eoutils.S1Processor] Converting to dB...
[INFO: 2026-06-02 05:15:03: eoutils.S1Processor] Processing band 2/2: HV
[INFO: 2026-06-02 05:15:05: eoutils.S1Processor] Calibration and thermal noise removal...
[INFO: 2026-06-02 05:15:11: eoutils.S1Processor] Converting to dB...
[INFO: 2026-06-02 05:15:13: eoutils.S1Processor] Processing finished in 17.85s.
[INFO: 2026-06-02 05:15:18: eoutils.S1Processor] Processesing started for S1A_EW_GRDM_1SDH_20210316T081906_20210316T082006_037021_045B5C_1517.SAFE.zip
[INFO: 2026-06-02 05:15:18: eoutils.S1Processor] Processing band 1/2: HH
[INFO: 2026-06-02 05:15:20: eoutils.S1Processor] Calibration and thermal noise removal...
[INFO: 2026-06-02 05:15:24: eoutils.S1Processor] Converting to dB...
[INFO: 2026-06-02 05:15:24: eoutils.S1Processor] Processing band 2/2: HV
[INFO: 2026-06-02 05:15:26: eoutils.S1Processor] Calibration and thermal noise removal...
[INFO: 2026-06-02 05:15:30: eoutils.S1Processor] Converting to dB...
[INFO: 2026-06-02 05:15:31: eoutils.S1Processor] Processing finished in 13.33s.
100%|████████████████████████████████████████████████████████████████████████████████████████████████████████████████████████████████████| 35/35 [00:13<00:00,  2.63it/s]
Processing row 580
[INFO: 2026-06-02 05:18:19: eoutils.S1Processor] Processesing started for S1B_EW_GRDM_1SDH_20210315T181247_20210315T181347_026029_031B0D_D5EF.SAFE.zip
[INFO: 2026-06-02 05:18:19: eoutils.S1Processor] Processing band 1/2: HH
[INFO: 2026-06-02 05:18:20: eoutils.S1Processor] Calibration and thermal noise removal...
[INFO: 2026-06-02 05:18:25: eoutils.S1Processor] Converting to dB...
[INFO: 2026-06-02 05:18:25: eoutils.S1Processor] Processing band 2/2: HV
[INFO: 2026-06-02 05:18:27: eoutils.S1Processor] Calibration and thermal noise removal...
[INFO: 2026-06-02 05:18:31: eoutils.S1Processor] Converting to dB...
[INFO: 2026-06-02 05:18:32: eoutils.S1Processor] Processing finished in 13.32s.
[INFO: 2026-06-02 05:18:37: eoutils.S1Processor] Processesing started for S1A_EW_GRDM_1SDH_20210316T081906_20210316T082006_037021_045B5C_1517.SAFE.zip
[INFO: 2026-06-02 05:18:37: eoutils.S1Processor] Processing band 1/2: HH
[INFO: 2026-06-02 05:18:38: eoutils.S1Processor] Calibration and thermal noise removal...
[INFO: 2026-06-02 05:18:42: eoutils.S1Processor] Converting to dB...
[INFO: 2026-06-02 05:18:43: eoutils.S1Processor] Processing band 2/2: HV
[INFO: 2026-06-02 05:18:43: eoutils.S1Processor] Calibration and thermal noise removal...
[INFO: 2026-06-02 05:18:48: eoutils.S1Processor] Converting to dB...
[INFO: 2026-06-02 05:18:49: eoutils.S1Processor] Processing finished in 11.77s.
100%|████████████████████████████████████████████████████████████████████████████████████████████████████████████████████████████████████| 19/19 [00:07<00:00,  2.60it/s]
Processing row 581
[INFO: 2026-06-02 05:21:30: eoutils.S1Processor] Processesing started for S1B_EW_GRDM_1SDH_20210318T120923_20210318T121023_026069_031C47_6896.SAFE.zip
[INFO: 2026-06-02 05:21:30: eoutils.S1Processor] Processing band 1/2: HH
[INFO: 2026-06-02 05:21:31: eoutils.S1Processor] Calibration and thermal noise removal...
[INFO: 2026-06-02 05:21:36: eoutils.S1Processor] Converting to dB...
[INFO: 2026-06-02 05:21:36: eoutils.S1Processor] Processing band 2/2: HV
[INFO: 2026-06-02 05:21:38: eoutils.S1Processor] Calibration and thermal noise removal...
[INFO: 2026-06-02 05:21:42: eoutils.S1Processor] Converting to dB...
[INFO: 2026-06-02 05:21:43: eoutils.S1Processor] Processing finished in 13.85s.
[INFO: 2026-06-02 05:21:49: eoutils.S1Processor] Processesing started for S1A_EW_GRDM_1SDH_20210317T121822_20210317T121922_037038_045BEC_C796.SAFE.zip
[INFO: 2026-06-02 05:21:49: eoutils.S1Processor] Processing band 1/2: HH
[INFO: 2026-06-02 05:21:50: eoutils.S1Processor] Calibration and thermal noise removal...
[INFO: 2026-06-02 05:21:55: eoutils.S1Processor] Converting to dB...
[INFO: 2026-06-02 05:21:55: eoutils.S1Processor] Processing band 2/2: HV
[INFO: 2026-06-02 05:21:57: eoutils.S1Processor] Calibration and thermal noise removal...
[INFO: 2026-06-02 05:22:01: eoutils.S1Processor] Converting to dB...
[INFO: 2026-06-02 05:22:02: eoutils.S1Processor] Processing finished in 13.49s.
100%|██████████████████████████████████████████████████████████████████████████████████████████████████████████████████████████████████████| 8/8 [00:03<00:00,  2.64it/s]
Processing row 582
[INFO: 2026-06-02 05:24:42: eoutils.S1Processor] Processesing started for S1B_EW_GRDM_1SDH_20210316T221005_20210316T221121_026046_031B93_FE74.SAFE.zip
[INFO: 2026-06-02 05:24:42: eoutils.S1Processor] Processing band 1/2: HH
[INFO: 2026-06-02 05:24:45: eoutils.S1Processor] Calibration and thermal noise removal...
[INFO: 2026-06-02 05:24:52: eoutils.S1Processor] Converting to dB...
[INFO: 2026-06-02 05:24:52: eoutils.S1Processor] Processing band 2/2: HV
[INFO: 2026-06-02 05:24:54: eoutils.S1Processor] Calibration and thermal noise removal...
[INFO: 2026-06-02 05:24:59: eoutils.S1Processor] Converting to dB...
[INFO: 2026-06-02 05:25:00: eoutils.S1Processor] Processing finished in 18.00s.
[INFO: 2026-06-02 05:25:06: eoutils.S1Processor] Processesing started for S1A_EW_GRDM_1SDH_20210317T121822_20210317T121922_037038_045BEC_C796.SAFE.zip
[INFO: 2026-06-02 05:25:06: eoutils.S1Processor] Processing band 1/2: HH
[INFO: 2026-06-02 05:25:06: eoutils.S1Processor] Calibration and thermal noise removal...
[INFO: 2026-06-02 05:25:11: eoutils.S1Processor] Converting to dB...
[INFO: 2026-06-02 05:25:11: eoutils.S1Processor] Processing band 2/2: HV
[INFO: 2026-06-02 05:25:12: eoutils.S1Processor] Calibration and thermal noise removal...
[INFO: 2026-06-02 05:25:16: eoutils.S1Processor] Converting to dB...
[INFO: 2026-06-02 05:25:17: eoutils.S1Processor] Processing finished in 11.48s.
100%|██████████████████████████████████████████████████████████████████████████████████████████████████████████████████████████████████████| 4/4 [00:01<00:00,  2.09it/s]
Processing row 583
[INFO: 2026-06-02 05:28:27: eoutils.S1Processor] Processesing started for S1B_EW_GRDM_1SDH_20210316T202742_20210316T202842_026045_031B8A_91F7.SAFE.zip
[INFO: 2026-06-02 05:28:27: eoutils.S1Processor] Processing band 1/2: HH
[INFO: 2026-06-02 05:28:29: eoutils.S1Processor] Calibration and thermal noise removal...
[INFO: 2026-06-02 05:28:35: eoutils.S1Processor] Converting to dB...
[INFO: 2026-06-02 05:28:35: eoutils.S1Processor] Processing band 2/2: HV
[INFO: 2026-06-02 05:28:37: eoutils.S1Processor] Calibration and thermal noise removal...
[INFO: 2026-06-02 05:28:41: eoutils.S1Processor] Converting to dB...
[INFO: 2026-06-02 05:28:42: eoutils.S1Processor] Processing finished in 15.07s.
[INFO: 2026-06-02 05:28:48: eoutils.S1Processor] Processesing started for S1A_EW_GRDM_1SDH_20210317T202037_20210317T202137_037043_045C14_8DEB.SAFE.zip
[INFO: 2026-06-02 05:28:48: eoutils.S1Processor] Processing band 1/2: HH
[INFO: 2026-06-02 05:28:49: eoutils.S1Processor] Calibration and thermal noise removal...
[INFO: 2026-06-02 05:28:53: eoutils.S1Processor] Converting to dB...
[INFO: 2026-06-02 05:28:53: eoutils.S1Processor] Processing band 2/2: HV
[INFO: 2026-06-02 05:28:55: eoutils.S1Processor] Calibration and thermal noise removal...
[INFO: 2026-06-02 05:28:59: eoutils.S1Processor] Converting to dB...
[INFO: 2026-06-02 05:29:00: eoutils.S1Processor] Processing finished in 12.45s.
No valid patches for row 583
Processing row 584
[INFO: 2026-06-02 05:31:38: eoutils.S1Processor] Processesing started for S1B_EW_GRDM_1SDH_20210318T183509_20210318T183613_026073_031C69_866F.SAFE.zip
[INFO: 2026-06-02 05:31:38: eoutils.S1Processor] Processing band 1/2: HH
[INFO: 2026-06-02 05:31:40: eoutils.S1Processor] Calibration and thermal noise removal...
[INFO: 2026-06-02 05:31:44: eoutils.S1Processor] Converting to dB...
[INFO: 2026-06-02 05:31:44: eoutils.S1Processor] Processing band 2/2: HV
[INFO: 2026-06-02 05:31:46: eoutils.S1Processor] Calibration and thermal noise removal...
[INFO: 2026-06-02 05:31:50: eoutils.S1Processor] Converting to dB...
[INFO: 2026-06-02 05:31:51: eoutils.S1Processor] Processing finished in 12.89s.
[INFO: 2026-06-02 05:31:57: eoutils.S1Processor] Processesing started for S1A_EW_GRDM_1SDH_20210318T080444_20210318T080544_037050_045C47_3814.SAFE.zip
[INFO: 2026-06-02 05:31:57: eoutils.S1Processor] Processing band 1/2: HH
[INFO: 2026-06-02 05:31:58: eoutils.S1Processor] Calibration and thermal noise removal...
[INFO: 2026-06-02 05:32:02: eoutils.S1Processor] Converting to dB...
[INFO: 2026-06-02 05:32:03: eoutils.S1Processor] Processing band 2/2: HV
[INFO: 2026-06-02 05:32:04: eoutils.S1Processor] Calibration and thermal noise removal...
[INFO: 2026-06-02 05:32:08: eoutils.S1Processor] Converting to dB...
[INFO: 2026-06-02 05:32:10: eoutils.S1Processor] Processing finished in 13.00s.
100%|████████████████████████████████████████████████████████████████████████████████████████████████████████████████████████████████████| 18/18 [00:06<00:00,  2.64it/s]
Processing row 585
[INFO: 2026-06-02 05:35:00: eoutils.S1Processor] Processesing started for S1A_EW_GRDM_1SDH_20210317T184444_20210317T184549_037042_045C0E_C0BB.SAFE.zip
[INFO: 2026-06-02 05:35:00: eoutils.S1Processor] Processing band 1/2: HH
[INFO: 2026-06-02 05:35:02: eoutils.S1Processor] Calibration and thermal noise removal...
[INFO: 2026-06-02 05:35:09: eoutils.S1Processor] Converting to dB...
[INFO: 2026-06-02 05:35:10: eoutils.S1Processor] Processing band 2/2: HV
[INFO: 2026-06-02 05:35:12: eoutils.S1Processor] Calibration and thermal noise removal...
[INFO: 2026-06-02 05:35:16: eoutils.S1Processor] Converting to dB...
[INFO: 2026-06-02 05:35:17: eoutils.S1Processor] Processing finished in 16.70s.
[INFO: 2026-06-02 05:35:22: eoutils.S1Processor] Processesing started for S1A_EW_GRDM_1SDH_20210318T080444_20210318T080544_037050_045C47_3814.SAFE.zip
[INFO: 2026-06-02 05:35:22: eoutils.S1Processor] Processing band 1/2: HH
[INFO: 2026-06-02 05:35:23: eoutils.S1Processor] Calibration and thermal noise removal...
[INFO: 2026-06-02 05:35:27: eoutils.S1Processor] Converting to dB...
[INFO: 2026-06-02 05:35:27: eoutils.S1Processor] Processing band 2/2: HV
[INFO: 2026-06-02 05:35:28: eoutils.S1Processor] Calibration and thermal noise removal...
[INFO: 2026-06-02 05:35:32: eoutils.S1Processor] Converting to dB...
[INFO: 2026-06-02 05:35:33: eoutils.S1Processor] Processing finished in 11.08s.
100%|██████████████████████████████████████████████████████████████████████████████████████████████████████████████████████████████████████| 5/5 [00:02<00:00,  2.23it/s]
Processing row 586
[INFO: 2026-06-02 05:38:12: eoutils.S1Processor] Processesing started for S1A_EW_GRDM_1SDH_20210320T110427_20210320T110531_037081_045D6C_2A99.SAFE.zip
[INFO: 2026-06-02 05:38:12: eoutils.S1Processor] Processing band 1/2: HH
[INFO: 2026-06-02 05:38:14: eoutils.S1Processor] Calibration and thermal noise removal...
[INFO: 2026-06-02 05:38:20: eoutils.S1Processor] Converting to dB...
[INFO: 2026-06-02 05:38:20: eoutils.S1Processor] Processing band 2/2: HV
[INFO: 2026-06-02 05:38:22: eoutils.S1Processor] Calibration and thermal noise removal...
[INFO: 2026-06-02 05:38:26: eoutils.S1Processor] Converting to dB...
[INFO: 2026-06-02 05:38:27: eoutils.S1Processor] Processing finished in 15.08s.
[INFO: 2026-06-02 05:38:33: eoutils.S1Processor] Processesing started for S1B_EW_GRDM_1SDH_20210319T205623_20210319T205723_026089_031CE7_1671.SAFE.zip
[INFO: 2026-06-02 05:38:33: eoutils.S1Processor] Processing band 1/2: HH
[INFO: 2026-06-02 05:38:34: eoutils.S1Processor] Calibration and thermal noise removal...
[INFO: 2026-06-02 05:38:39: eoutils.S1Processor] Converting to dB...
[INFO: 2026-06-02 05:38:39: eoutils.S1Processor] Processing band 2/2: HV
[INFO: 2026-06-02 05:38:40: eoutils.S1Processor] Calibration and thermal noise removal...
[INFO: 2026-06-02 05:38:45: eoutils.S1Processor] Converting to dB...
[INFO: 2026-06-02 05:38:46: eoutils.S1Processor] Processing finished in 13.33s.
100%|██████████████████████████████████████████████████████████████████████████████████████████████████████████████████████████████████████| 6/6 [00:02<00:00,  2.19it/s]
Processing row 587
[INFO: 2026-06-02 05:41:30: eoutils.S1Processor] Processesing started for S1B_EW_GRDM_1SDH_20210319T111138_20210319T111242_026083_031CB8_D17F.SAFE.zip
[INFO: 2026-06-02 05:41:30: eoutils.S1Processor] Processing band 1/2: HH
[INFO: 2026-06-02 05:41:32: eoutils.S1Processor] Calibration and thermal noise removal...
[INFO: 2026-06-02 05:41:36: eoutils.S1Processor] Converting to dB...
[INFO: 2026-06-02 05:41:37: eoutils.S1Processor] Processing band 2/2: HV
[INFO: 2026-06-02 05:41:38: eoutils.S1Processor] Calibration and thermal noise removal...
[INFO: 2026-06-02 05:41:43: eoutils.S1Processor] Converting to dB...
[INFO: 2026-06-02 05:41:44: eoutils.S1Processor] Processing finished in 14.46s.
[INFO: 2026-06-02 05:41:49: eoutils.S1Processor] Processesing started for S1B_EW_GRDM_1SDH_20210319T205623_20210319T205723_026089_031CE7_1671.SAFE.zip
[INFO: 2026-06-02 05:41:49: eoutils.S1Processor] Processing band 1/2: HH
[INFO: 2026-06-02 05:41:50: eoutils.S1Processor] Calibration and thermal noise removal...
[INFO: 2026-06-02 05:41:54: eoutils.S1Processor] Converting to dB...
[INFO: 2026-06-02 05:41:55: eoutils.S1Processor] Processing band 2/2: HV
[INFO: 2026-06-02 05:41:56: eoutils.S1Processor] Calibration and thermal noise removal...
[INFO: 2026-06-02 05:42:00: eoutils.S1Processor] Converting to dB...
[INFO: 2026-06-02 05:42:01: eoutils.S1Processor] Processing finished in 11.73s.
100%|██████████████████████████████████████████████████████████████████████████████████████████████████████████████████████████████████████| 5/5 [00:02<00:00,  2.38it/s]
Processing row 588
[INFO: 2026-06-02 05:44:52: eoutils.S1Processor] Processesing started for S1B_EW_GRDM_1SDH_20210322T193921_20210322T194021_026132_031E46_EA89.SAFE.zip
[INFO: 2026-06-02 05:44:52: eoutils.S1Processor] Processing band 1/2: HH
[INFO: 2026-06-02 05:44:53: eoutils.S1Processor] Calibration and thermal noise removal...
[INFO: 2026-06-02 05:44:57: eoutils.S1Processor] Converting to dB...
[INFO: 2026-06-02 05:44:58: eoutils.S1Processor] Processing band 2/2: HV
[INFO: 2026-06-02 05:45:00: eoutils.S1Processor] Calibration and thermal noise removal...
[INFO: 2026-06-02 05:45:04: eoutils.S1Processor] Converting to dB...
[INFO: 2026-06-02 05:45:06: eoutils.S1Processor] Processing finished in 13.98s.
[INFO: 2026-06-02 05:45:11: eoutils.S1Processor] Processesing started for S1A_EW_GRDM_1SDH_20210321T194818_20210321T194918_037101_045E27_42D5.SAFE.zip
[INFO: 2026-06-02 05:45:11: eoutils.S1Processor] Processing band 1/2: HH
[INFO: 2026-06-02 05:45:14: eoutils.S1Processor] Calibration and thermal noise removal...
[INFO: 2026-06-02 05:45:18: eoutils.S1Processor] Converting to dB...
[INFO: 2026-06-02 05:45:19: eoutils.S1Processor] Processing band 2/2: HV
[INFO: 2026-06-02 05:45:20: eoutils.S1Processor] Calibration and thermal noise removal...
[INFO: 2026-06-02 05:45:24: eoutils.S1Processor] Converting to dB...
[INFO: 2026-06-02 05:45:25: eoutils.S1Processor] Processing finished in 14.19s.
100%|██████████████████████████████████████████████████████████████████████████████████████████████████████████████████████████████████████| 6/6 [00:02<00:00,  2.03it/s]
Processing row 589
[INFO: 2026-06-02 05:48:13: eoutils.S1Processor] Processesing started for S1B_EW_GRDM_1SDH_20210320T195547_20210320T195647_026103_031D61_DF19.SAFE.zip
[INFO: 2026-06-02 05:48:13: eoutils.S1Processor] Processing band 1/2: HH
[INFO: 2026-06-02 05:48:15: eoutils.S1Processor] Calibration and thermal noise removal...
[INFO: 2026-06-02 05:48:22: eoutils.S1Processor] Converting to dB...
[INFO: 2026-06-02 05:48:23: eoutils.S1Processor] Processing band 2/2: HV
[INFO: 2026-06-02 05:48:25: eoutils.S1Processor] Calibration and thermal noise removal...
[INFO: 2026-06-02 05:48:31: eoutils.S1Processor] Converting to dB...
[INFO: 2026-06-02 05:48:32: eoutils.S1Processor] Processing finished in 19.01s.
[INFO: 2026-06-02 05:48:38: eoutils.S1Processor] Processesing started for S1A_EW_GRDM_1SDH_20210321T194818_20210321T194918_037101_045E27_42D5.SAFE.zip
[INFO: 2026-06-02 05:48:38: eoutils.S1Processor] Processing band 1/2: HH
[INFO: 2026-06-02 05:48:38: eoutils.S1Processor] Calibration and thermal noise removal...
[INFO: 2026-06-02 05:48:42: eoutils.S1Processor] Converting to dB...
[INFO: 2026-06-02 05:48:43: eoutils.S1Processor] Processing band 2/2: HV
[INFO: 2026-06-02 05:48:43: eoutils.S1Processor] Calibration and thermal noise removal...
[INFO: 2026-06-02 05:48:47: eoutils.S1Processor] Converting to dB...
[INFO: 2026-06-02 05:48:49: eoutils.S1Processor] Processing finished in 11.15s.
100%|████████████████████████████████████████████████████████████████████████████████████████████████████████████████████████████████████| 11/11 [00:05<00:00,  2.17it/s]
Processing row 590
[INFO: 2026-06-02 05:51:34: eoutils.S1Processor] Processesing started for S1B_EW_GRDM_1SDH_20210322T180339_20210322T180439_026131_031E3E_7FD8.SAFE.zip
[INFO: 2026-06-02 05:51:34: eoutils.S1Processor] Processing band 1/2: HH
[INFO: 2026-06-02 05:51:36: eoutils.S1Processor] Calibration and thermal noise removal...
[INFO: 2026-06-02 05:51:40: eoutils.S1Processor] Converting to dB...
[INFO: 2026-06-02 05:51:41: eoutils.S1Processor] Processing band 2/2: HV
[INFO: 2026-06-02 05:51:44: eoutils.S1Processor] Calibration and thermal noise removal...
[INFO: 2026-06-02 05:51:48: eoutils.S1Processor] Converting to dB...
[INFO: 2026-06-02 05:51:49: eoutils.S1Processor] Processing finished in 14.67s.
[INFO: 2026-06-02 05:51:55: eoutils.S1Processor] Processesing started for S1B_EW_GRDM_1SDH_20210322T081823_20210322T081923_026125_031E05_3937.SAFE.zip
[INFO: 2026-06-02 05:51:55: eoutils.S1Processor] Processing band 1/2: HH
[INFO: 2026-06-02 05:51:58: eoutils.S1Processor] Calibration and thermal noise removal...
[INFO: 2026-06-02 05:52:02: eoutils.S1Processor] Converting to dB...
[INFO: 2026-06-02 05:52:02: eoutils.S1Processor] Processing band 2/2: HV
[INFO: 2026-06-02 05:52:04: eoutils.S1Processor] Calibration and thermal noise removal...
[INFO: 2026-06-02 05:52:08: eoutils.S1Processor] Converting to dB...
[INFO: 2026-06-02 05:52:10: eoutils.S1Processor] Processing finished in 15.03s.
100%|████████████████████████████████████████████████████████████████████████████████████████████████████████████████████████████████████| 21/21 [00:08<00:00,  2.45it/s]
Processing row 591
[INFO: 2026-06-02 05:54:51: eoutils.S1Processor] Processesing started for S1A_EW_GRDM_1SDH_20210321T181311_20210321T181411_037100_045E1F_A413.SAFE.zip
[INFO: 2026-06-02 05:54:51: eoutils.S1Processor] Processing band 1/2: HH
[INFO: 2026-06-02 05:54:52: eoutils.S1Processor] Calibration and thermal noise removal...
[INFO: 2026-06-02 05:54:57: eoutils.S1Processor] Converting to dB...
[INFO: 2026-06-02 05:54:57: eoutils.S1Processor] Processing band 2/2: HV
[INFO: 2026-06-02 05:54:59: eoutils.S1Processor] Calibration and thermal noise removal...
[INFO: 2026-06-02 05:55:03: eoutils.S1Processor] Converting to dB...
[INFO: 2026-06-02 05:55:05: eoutils.S1Processor] Processing finished in 14.12s.
[INFO: 2026-06-02 05:55:10: eoutils.S1Processor] Processesing started for S1B_EW_GRDM_1SDH_20210322T081823_20210322T081923_026125_031E05_3937.SAFE.zip
[INFO: 2026-06-02 05:55:10: eoutils.S1Processor] Processing band 1/2: HH
[INFO: 2026-06-02 05:55:10: eoutils.S1Processor] Calibration and thermal noise removal...
[INFO: 2026-06-02 05:55:15: eoutils.S1Processor] Converting to dB...
[INFO: 2026-06-02 05:55:15: eoutils.S1Processor] Processing band 2/2: HV
[INFO: 2026-06-02 05:55:16: eoutils.S1Processor] Calibration and thermal noise removal...
[INFO: 2026-06-02 05:55:20: eoutils.S1Processor] Converting to dB...
[INFO: 2026-06-02 05:55:21: eoutils.S1Processor] Processing finished in 11.54s.
100%|████████████████████████████████████████████████████████████████████████████████████████████████████████████████████████████████████| 41/41 [00:17<00:00,  2.37it/s]
Processing row 592
[INFO: 2026-06-02 05:58:18: eoutils.S1Processor] Processesing started for S1A_EW_GRDM_1SDH_20210322T185318_20210322T185403_037115_045EA5_2FCB.SAFE.zip
[INFO: 2026-06-02 05:58:18: eoutils.S1Processor] Processing band 1/2: HH
[INFO: 2026-06-02 05:58:19: eoutils.S1Processor] Calibration and thermal noise removal...
[INFO: 2026-06-02 05:58:22: eoutils.S1Processor] Converting to dB...
[INFO: 2026-06-02 05:58:23: eoutils.S1Processor] Processing band 2/2: HV
[INFO: 2026-06-02 05:58:24: eoutils.S1Processor] Calibration and thermal noise removal...
[INFO: 2026-06-02 05:58:27: eoutils.S1Processor] Converting to dB...
[INFO: 2026-06-02 05:58:28: eoutils.S1Processor] Processing finished in 9.88s.
[INFO: 2026-06-02 05:58:33: eoutils.S1Processor] Processesing started for S1B_EW_GRDM_1SDH_20210322T081923_20210322T082023_026125_031E05_0207.SAFE.zip
[INFO: 2026-06-02 05:58:33: eoutils.S1Processor] Processing band 1/2: HH
[INFO: 2026-06-02 05:58:35: eoutils.S1Processor] Calibration and thermal noise removal...
[INFO: 2026-06-02 05:58:39: eoutils.S1Processor] Converting to dB...
[INFO: 2026-06-02 05:58:40: eoutils.S1Processor] Processing band 2/2: HV
[INFO: 2026-06-02 05:58:41: eoutils.S1Processor] Calibration and thermal noise removal...
[INFO: 2026-06-02 05:58:46: eoutils.S1Processor] Converting to dB...
[INFO: 2026-06-02 05:58:47: eoutils.S1Processor] Processing finished in 13.50s.
100%|██████████████████████████████████████████████████████████████████████████████████████████████████████████████████████████████████████| 8/8 [00:03<00:00,  2.44it/s]
Processing row 593
[INFO: 2026-06-02 06:01:04: eoutils.S1Processor] Processesing started for S1B_EW_GRDM_1SDH_20210321T190038_20210321T190132_026117_031DCB_828F.SAFE.zip
[INFO: 2026-06-02 06:01:04: eoutils.S1Processor] Processing band 1/2: HH
[INFO: 2026-06-02 06:01:06: eoutils.S1Processor] Calibration and thermal noise removal...
[INFO: 2026-06-02 06:01:10: eoutils.S1Processor] Converting to dB...
[INFO: 2026-06-02 06:01:11: eoutils.S1Processor] Processing band 2/2: HV
[INFO: 2026-06-02 06:01:12: eoutils.S1Processor] Calibration and thermal noise removal...
[INFO: 2026-06-02 06:01:16: eoutils.S1Processor] Converting to dB...
[INFO: 2026-06-02 06:01:17: eoutils.S1Processor] Processing finished in 12.38s.
[INFO: 2026-06-02 06:01:22: eoutils.S1Processor] Processesing started for S1B_EW_GRDM_1SDH_20210322T081923_20210322T082023_026125_031E05_0207.SAFE.zip
[INFO: 2026-06-02 06:01:22: eoutils.S1Processor] Processing band 1/2: HH
[INFO: 2026-06-02 06:01:22: eoutils.S1Processor] Calibration and thermal noise removal...
[INFO: 2026-06-02 06:01:27: eoutils.S1Processor] Converting to dB...
[INFO: 2026-06-02 06:01:27: eoutils.S1Processor] Processing band 2/2: HV
[INFO: 2026-06-02 06:01:28: eoutils.S1Processor] Calibration and thermal noise removal...
[INFO: 2026-06-02 06:01:32: eoutils.S1Processor] Converting to dB...
[INFO: 2026-06-02 06:01:33: eoutils.S1Processor] Processing finished in 11.57s.
100%|██████████████████████████████████████████████████████████████████████████████████████████████████████████████████████████████████████| 2/2 [00:00<00:00,  2.66it/s]
Processing row 594
[INFO: 2026-06-02 06:04:00: eoutils.S1Processor] Processesing started for S1A_EW_GRDM_1SDH_20210323T081217_20210323T081317_037123_045EED_3D03.SAFE.zip
[INFO: 2026-06-02 06:04:00: eoutils.S1Processor] Processing band 1/2: HH
[INFO: 2026-06-02 06:04:03: eoutils.S1Processor] Calibration and thermal noise removal...
[INFO: 2026-06-02 06:04:11: eoutils.S1Processor] Converting to dB...
[INFO: 2026-06-02 06:04:12: eoutils.S1Processor] Processing band 2/2: HV
[INFO: 2026-06-02 06:04:14: eoutils.S1Processor] Calibration and thermal noise removal...
[INFO: 2026-06-02 06:04:21: eoutils.S1Processor] Converting to dB...
[INFO: 2026-06-02 06:04:22: eoutils.S1Processor] Processing finished in 21.51s.
[INFO: 2026-06-02 06:04:28: eoutils.S1Processor] Processesing started for S1B_EW_GRDM_1SDH_20210322T082023_20210322T082123_026125_031E05_E57F.SAFE.zip
[INFO: 2026-06-02 06:04:28: eoutils.S1Processor] Processing band 1/2: HH
[INFO: 2026-06-02 06:04:30: eoutils.S1Processor] Calibration and thermal noise removal...
[INFO: 2026-06-02 06:04:34: eoutils.S1Processor] Converting to dB...
[INFO: 2026-06-02 06:04:35: eoutils.S1Processor] Processing band 2/2: HV
[INFO: 2026-06-02 06:04:37: eoutils.S1Processor] Calibration and thermal noise removal...
[INFO: 2026-06-02 06:04:42: eoutils.S1Processor] Converting to dB...
[INFO: 2026-06-02 06:04:43: eoutils.S1Processor] Processing finished in 15.34s.
100%|████████████████████████████████████████████████████████████████████████████████████████████████████████████████████████████████████| 12/12 [00:04<00:00,  2.40it/s]
Processing row 595
[INFO: 2026-06-02 06:07:24: eoutils.S1Processor] Processesing started for S1B_EW_GRDM_1SDH_20210321T185934_20210321T190038_026117_031DCB_BA83.SAFE.zip
[INFO: 2026-06-02 06:07:24: eoutils.S1Processor] Processing band 1/2: HH
[INFO: 2026-06-02 06:07:26: eoutils.S1Processor] Calibration and thermal noise removal...
[INFO: 2026-06-02 06:07:33: eoutils.S1Processor] Converting to dB...
[INFO: 2026-06-02 06:07:34: eoutils.S1Processor] Processing band 2/2: HV
[INFO: 2026-06-02 06:07:36: eoutils.S1Processor] Calibration and thermal noise removal...
[INFO: 2026-06-02 06:07:40: eoutils.S1Processor] Converting to dB...
[INFO: 2026-06-02 06:07:42: eoutils.S1Processor] Processing finished in 18.15s.
[INFO: 2026-06-02 06:07:47: eoutils.S1Processor] Processesing started for S1B_EW_GRDM_1SDH_20210322T082023_20210322T082123_026125_031E05_E57F.SAFE.zip
[INFO: 2026-06-02 06:07:47: eoutils.S1Processor] Processing band 1/2: HH
[INFO: 2026-06-02 06:07:48: eoutils.S1Processor] Calibration and thermal noise removal...
[INFO: 2026-06-02 06:07:52: eoutils.S1Processor] Converting to dB...
[INFO: 2026-06-02 06:07:52: eoutils.S1Processor] Processing band 2/2: HV
[INFO: 2026-06-02 06:07:53: eoutils.S1Processor] Calibration and thermal noise removal...
[INFO: 2026-06-02 06:07:57: eoutils.S1Processor] Converting to dB...
[INFO: 2026-06-02 06:07:59: eoutils.S1Processor] Processing finished in 11.48s.
100%|████████████████████████████████████████████████████████████████████████████████████████████████████████████████████████████████████| 20/20 [00:07<00:00,  2.77it/s]
Processing row 596
[INFO: 2026-06-02 06:10:50: eoutils.RCMProcessor] Processesing started for RCM1_OK1358192_PK1528292_1_SCLNA_20210323_203841_HH_HV_GRD.zip
[INFO: 2026-06-02 06:10:50: eoutils.RCMProcessor] Processing band 1/2: HH
[INFO: 2026-06-02 06:10:50: eoutils.RCMProcessor] Calibration...
[INFO: 2026-06-02 06:10:51: eoutils.RCMProcessor] Removing thermal noise...
[INFO: 2026-06-02 06:10:52: eoutils.RCMProcessor] Converting to dB...
[INFO: 2026-06-02 06:10:52: eoutils.RCMProcessor] Processing band 2/2: HV
[INFO: 2026-06-02 06:10:53: eoutils.RCMProcessor] Calibration...
[INFO: 2026-06-02 06:10:53: eoutils.RCMProcessor] Removing thermal noise...
[INFO: 2026-06-02 06:10:55: eoutils.RCMProcessor] Converting to dB...
[INFO: 2026-06-02 06:10:56: eoutils.RCMProcessor] Processing finished in 5.74s.
[INFO: 2026-06-02 06:11:01: eoutils.S1Processor] Processesing started for S1B_EW_GRDM_1SDH_20210323T201928_20210323T202028_026147_031EBA_2D96.SAFE.zip
[INFO: 2026-06-02 06:11:01: eoutils.S1Processor] Processing band 1/2: HH
[INFO: 2026-06-02 06:11:03: eoutils.S1Processor] Calibration and thermal noise removal...
[INFO: 2026-06-02 06:11:07: eoutils.S1Processor] Converting to dB...
[INFO: 2026-06-02 06:11:07: eoutils.S1Processor] Processing band 2/2: HV
[INFO: 2026-06-02 06:11:09: eoutils.S1Processor] Calibration and thermal noise removal...
[INFO: 2026-06-02 06:11:13: eoutils.S1Processor] Converting to dB...
[INFO: 2026-06-02 06:11:14: eoutils.S1Processor] Processing finished in 12.48s.
No valid patches for row 596
Processing row 597
[INFO: 2026-06-02 06:13:06: eoutils.S1Processor] Processesing started for S1B_EW_GRDM_1SDH_20210324T210244_20210324T210349_026162_031F42_7FDE.SAFE.zip
[INFO: 2026-06-02 06:13:06: eoutils.S1Processor] Processing band 1/2: HH
[INFO: 2026-06-02 06:13:07: eoutils.S1Processor] Calibration and thermal noise removal...
[INFO: 2026-06-02 06:13:11: eoutils.S1Processor] Converting to dB...
[INFO: 2026-06-02 06:13:12: eoutils.S1Processor] Processing band 2/2: HV
[INFO: 2026-06-02 06:13:13: eoutils.S1Processor] Calibration and thermal noise removal...
[INFO: 2026-06-02 06:13:18: eoutils.S1Processor] Converting to dB...
[INFO: 2026-06-02 06:13:19: eoutils.S1Processor] Processing finished in 13.61s.
[INFO: 2026-06-02 06:13:25: eoutils.S1Processor] Processesing started for S1A_EW_GRDM_1SDH_20210323T211134_20210323T211234_037131_045F2E_D320.SAFE.zip
[INFO: 2026-06-02 06:13:25: eoutils.S1Processor] Processing band 1/2: HH
[INFO: 2026-06-02 06:13:26: eoutils.S1Processor] Calibration and thermal noise removal...
[INFO: 2026-06-02 06:13:31: eoutils.S1Processor] Converting to dB...
[INFO: 2026-06-02 06:13:31: eoutils.S1Processor] Processing band 2/2: HV
[INFO: 2026-06-02 06:13:33: eoutils.S1Processor] Calibration and thermal noise removal...
[INFO: 2026-06-02 06:13:37: eoutils.S1Processor] Converting to dB...
[INFO: 2026-06-02 06:13:38: eoutils.S1Processor] Processing finished in 13.20s.
100%|██████████████████████████████████████████████████████████████████████████████████████████████████████████████████████████████████████| 1/1 [00:00<00:00,  2.04it/s]
Processing row 598
[INFO: 2026-06-02 06:16:25: eoutils.S1Processor] Processesing started for S1B_EW_GRDM_1SDH_20210323T104118_20210323T104218_026141_031E8D_2AAC.SAFE.zip
[INFO: 2026-06-02 06:16:25: eoutils.S1Processor] Processing band 1/2: HH
[INFO: 2026-06-02 06:16:27: eoutils.S1Processor] Calibration and thermal noise removal...
[INFO: 2026-06-02 06:16:34: eoutils.S1Processor] Converting to dB...
[INFO: 2026-06-02 06:16:35: eoutils.S1Processor] Processing band 2/2: HV
[INFO: 2026-06-02 06:16:37: eoutils.S1Processor] Calibration and thermal noise removal...
[INFO: 2026-06-02 06:16:44: eoutils.S1Processor] Converting to dB...
[INFO: 2026-06-02 06:16:46: eoutils.S1Processor] Processing finished in 21.36s.
[INFO: 2026-06-02 06:16:53: eoutils.S1Processor] Processesing started for S1A_EW_GRDM_1SDH_20210323T211134_20210323T211234_037131_045F2E_D320.SAFE.zip
[INFO: 2026-06-02 06:16:53: eoutils.S1Processor] Processing band 1/2: HH
[INFO: 2026-06-02 06:16:54: eoutils.S1Processor] Calibration and thermal noise removal...
[INFO: 2026-06-02 06:16:59: eoutils.S1Processor] Converting to dB...
[INFO: 2026-06-02 06:17:00: eoutils.S1Processor] Processing band 2/2: HV
[INFO: 2026-06-02 06:17:01: eoutils.S1Processor] Calibration and thermal noise removal...
[INFO: 2026-06-02 06:17:05: eoutils.S1Processor] Converting to dB...
[INFO: 2026-06-02 06:17:07: eoutils.S1Processor] Processing finished in 13.33s.
100%|██████████████████████████████████████████████████████████████████████████████████████████████████████████████████████████████████████| 1/1 [00:00<00:00,  2.19it/s]
Processing row 599
[INFO: 2026-06-02 06:19:50: eoutils.S1Processor] Processesing started for S1B_EW_GRDM_1SDH_20210324T125833_20210324T125933_026157_031F0C_1DDE.SAFE.zip
[INFO: 2026-06-02 06:19:50: eoutils.S1Processor] Processing band 1/2: HH
[INFO: 2026-06-02 06:19:52: eoutils.S1Processor] Calibration and thermal noise removal...
[INFO: 2026-06-02 06:19:55: eoutils.S1Processor] Converting to dB...
[INFO: 2026-06-02 06:19:56: eoutils.S1Processor] Processing band 2/2: HV
[INFO: 2026-06-02 06:19:57: eoutils.S1Processor] Calibration and thermal noise removal...
[INFO: 2026-06-02 06:20:01: eoutils.S1Processor] Converting to dB...
[INFO: 2026-06-02 06:20:02: eoutils.S1Processor] Processing finished in 12.76s.
[INFO: 2026-06-02 06:20:08: eoutils.S1Processor] Processesing started for S1A_EW_GRDM_1SDH_20210324T121011_20210324T121111_037140_045F6F_22FE.SAFE.zip
[INFO: 2026-06-02 06:20:08: eoutils.S1Processor] Processing band 1/2: HH
[INFO: 2026-06-02 06:20:10: eoutils.S1Processor] Calibration and thermal noise removal...
[INFO: 2026-06-02 06:20:14: eoutils.S1Processor] Converting to dB...
[INFO: 2026-06-02 06:20:14: eoutils.S1Processor] Processing band 2/2: HV
[INFO: 2026-06-02 06:20:16: eoutils.S1Processor] Calibration and thermal noise removal...
[INFO: 2026-06-02 06:20:20: eoutils.S1Processor] Converting to dB...
[INFO: 2026-06-02 06:20:21: eoutils.S1Processor] Processing finished in 13.29s.
No valid patches for row 599
Processing row 600
[INFO: 2026-06-02 06:22:56: eoutils.S1Processor] Processesing started for S1B_EW_GRDM_1SDH_20210323T121734_20210323T121834_026142_031E96_BDEE.SAFE.zip
[INFO: 2026-06-02 06:22:56: eoutils.S1Processor] Processing band 1/2: HH
[INFO: 2026-06-02 06:22:57: eoutils.S1Processor] Calibration and thermal noise removal...
[INFO: 2026-06-02 06:23:02: eoutils.S1Processor] Converting to dB...
[INFO: 2026-06-02 06:23:02: eoutils.S1Processor] Processing band 2/2: HV
[INFO: 2026-06-02 06:23:04: eoutils.S1Processor] Calibration and thermal noise removal...
[INFO: 2026-06-02 06:23:08: eoutils.S1Processor] Converting to dB...
[INFO: 2026-06-02 06:23:10: eoutils.S1Processor] Processing finished in 13.68s.
[INFO: 2026-06-02 06:23:15: eoutils.S1Processor] Processesing started for S1A_EW_GRDM_1SDH_20210324T121011_20210324T121111_037140_045F6F_22FE.SAFE.zip
[INFO: 2026-06-02 06:23:15: eoutils.S1Processor] Processing band 1/2: HH
[INFO: 2026-06-02 06:23:15: eoutils.S1Processor] Calibration and thermal noise removal...
[INFO: 2026-06-02 06:23:20: eoutils.S1Processor] Converting to dB...
[INFO: 2026-06-02 06:23:20: eoutils.S1Processor] Processing band 2/2: HV
[INFO: 2026-06-02 06:23:21: eoutils.S1Processor] Calibration and thermal noise removal...
[INFO: 2026-06-02 06:23:25: eoutils.S1Processor] Converting to dB...
[INFO: 2026-06-02 06:23:26: eoutils.S1Processor] Processing finished in 11.53s.
100%|██████████████████████████████████████████████████████████████████████████████████████████████████████████████████████████████████████| 9/9 [00:04<00:00,  2.23it/s]
Processing row 601
[INFO: 2026-06-02 06:26:09: eoutils.S1Processor] Processesing started for S1A_EW_GRDM_1SDH_20210323T211134_20210323T211234_037131_045F2E_D320.SAFE.zip
[INFO: 2026-06-02 06:26:09: eoutils.S1Processor] Processing band 1/2: HH
[INFO: 2026-06-02 06:26:10: eoutils.S1Processor] Calibration and thermal noise removal...
[INFO: 2026-06-02 06:26:18: eoutils.S1Processor] Converting to dB...
[INFO: 2026-06-02 06:26:19: eoutils.S1Processor] Processing band 2/2: HV
[INFO: 2026-06-02 06:26:21: eoutils.S1Processor] Calibration and thermal noise removal...
[INFO: 2026-06-02 06:26:28: eoutils.S1Processor] Converting to dB...
[INFO: 2026-06-02 06:26:30: eoutils.S1Processor] Processing finished in 21.61s.
[INFO: 2026-06-02 06:26:37: eoutils.S1Processor] Processesing started for S1B_EW_GRDM_1SDH_20210324T210244_20210324T210349_026162_031F42_7FDE.SAFE.zip
[INFO: 2026-06-02 06:26:37: eoutils.S1Processor] Processing band 1/2: HH
[INFO: 2026-06-02 06:26:39: eoutils.S1Processor] Calibration and thermal noise removal...
[INFO: 2026-06-02 06:26:43: eoutils.S1Processor] Converting to dB...
[INFO: 2026-06-02 06:26:44: eoutils.S1Processor] Processing band 2/2: HV
[INFO: 2026-06-02 06:26:46: eoutils.S1Processor] Calibration and thermal noise removal...
[INFO: 2026-06-02 06:26:50: eoutils.S1Processor] Converting to dB...
[INFO: 2026-06-02 06:26:51: eoutils.S1Processor] Processing finished in 14.17s.
100%|██████████████████████████████████████████████████████████████████████████████████████████████████████████████████████████████████████| 5/5 [00:01<00:00,  2.83it/s]
Processing row 602
[INFO: 2026-06-02 06:29:45: eoutils.S1Processor] Processesing started for S1A_EW_GRDM_1SDH_20210325T111235_20210325T111340_037154_045FE5_FB57.SAFE.zip
[INFO: 2026-06-02 06:29:45: eoutils.S1Processor] Processing band 1/2: HH
[INFO: 2026-06-02 06:29:46: eoutils.S1Processor] Calibration and thermal noise removal...
[INFO: 2026-06-02 06:29:51: eoutils.S1Processor] Converting to dB...
[INFO: 2026-06-02 06:29:51: eoutils.S1Processor] Processing band 2/2: HV
[INFO: 2026-06-02 06:29:53: eoutils.S1Processor] Calibration and thermal noise removal...
[INFO: 2026-06-02 06:29:57: eoutils.S1Processor] Converting to dB...
[INFO: 2026-06-02 06:29:58: eoutils.S1Processor] Processing finished in 13.20s.
[INFO: 2026-06-02 06:30:01: eoutils.S1Processor] Processesing started for S1B_EW_GRDM_1SDH_20210324T210449_20210324T210507_026162_031F42_D9B8.SAFE.zip
[INFO: 2026-06-02 06:30:01: eoutils.S1Processor] Processing band 1/2: HH
[INFO: 2026-06-02 06:30:01: eoutils.S1Processor] Calibration and thermal noise removal...
[INFO: 2026-06-02 06:30:03: eoutils.S1Processor] Converting to dB...
[INFO: 2026-06-02 06:30:03: eoutils.S1Processor] Processing band 2/2: HV
[INFO: 2026-06-02 06:30:03: eoutils.S1Processor] Calibration and thermal noise removal...
[INFO: 2026-06-02 06:30:05: eoutils.S1Processor] Converting to dB...
[INFO: 2026-06-02 06:30:05: eoutils.S1Processor] Processing finished in 4.02s.
100%|██████████████████████████████████████████████████████████████████████████████████████████████████████████████████████████████████████| 6/6 [00:02<00:00,  2.49it/s]
Processing row 603
[INFO: 2026-06-02 06:31:55: eoutils.S1Processor] Processesing started for S1B_EW_GRDM_1SDH_20210324T111950_20210324T112054_026156_031F06_B442.SAFE.zip
[INFO: 2026-06-02 06:31:55: eoutils.S1Processor] Processing band 1/2: HH
[INFO: 2026-06-02 06:31:57: eoutils.S1Processor] Calibration and thermal noise removal...
[INFO: 2026-06-02 06:32:02: eoutils.S1Processor] Converting to dB...
[INFO: 2026-06-02 06:32:03: eoutils.S1Processor] Processing band 2/2: HV
[INFO: 2026-06-02 06:32:04: eoutils.S1Processor] Calibration and thermal noise removal...
[INFO: 2026-06-02 06:32:08: eoutils.S1Processor] Converting to dB...
[INFO: 2026-06-02 06:32:10: eoutils.S1Processor] Processing finished in 14.95s.
[INFO: 2026-06-02 06:32:12: eoutils.S1Processor] Processesing started for S1B_EW_GRDM_1SDH_20210324T210449_20210324T210507_026162_031F42_D9B8.SAFE.zip
[INFO: 2026-06-02 06:32:12: eoutils.S1Processor] Processing band 1/2: HH
[INFO: 2026-06-02 06:32:12: eoutils.S1Processor] Calibration and thermal noise removal...
[INFO: 2026-06-02 06:32:14: eoutils.S1Processor] Converting to dB...
[INFO: 2026-06-02 06:32:14: eoutils.S1Processor] Processing band 2/2: HV
[INFO: 2026-06-02 06:32:14: eoutils.S1Processor] Calibration and thermal noise removal...
[INFO: 2026-06-02 06:32:15: eoutils.S1Processor] Converting to dB...
[INFO: 2026-06-02 06:32:15: eoutils.S1Processor] Processing finished in 3.28s.
100%|██████████████████████████████████████████████████████████████████████████████████████████████████████████████████████████████████████| 5/5 [00:01<00:00,  2.71it/s]
Processing row 604
[INFO: 2026-06-02 06:34:03: eoutils.S1Processor] Processesing started for S1A_EW_GRDM_1SDH_20210327T105615_20210327T105720_037183_0460EB_9293.SAFE.zip
[INFO: 2026-06-02 06:34:03: eoutils.S1Processor] Processing band 1/2: HH
[INFO: 2026-06-02 06:34:05: eoutils.S1Processor] Calibration and thermal noise removal...
[INFO: 2026-06-02 06:34:09: eoutils.S1Processor] Converting to dB...
[INFO: 2026-06-02 06:34:10: eoutils.S1Processor] Processing band 2/2: HV
[INFO: 2026-06-02 06:34:11: eoutils.S1Processor] Calibration and thermal noise removal...
[INFO: 2026-06-02 06:34:15: eoutils.S1Processor] Converting to dB...
[INFO: 2026-06-02 06:34:17: eoutils.S1Processor] Processing finished in 13.42s.
[INFO: 2026-06-02 06:34:22: eoutils.S1Processor] Processesing started for S1B_EW_GRDM_1SDH_20210326T110431_20210326T110531_026185_032006_4319.SAFE.zip
[INFO: 2026-06-02 06:34:22: eoutils.S1Processor] Processing band 1/2: HH
[INFO: 2026-06-02 06:34:24: eoutils.S1Processor] Calibration and thermal noise removal...
[INFO: 2026-06-02 06:34:28: eoutils.S1Processor] Converting to dB...
[INFO: 2026-06-02 06:34:28: eoutils.S1Processor] Processing band 2/2: HV
[INFO: 2026-06-02 06:34:30: eoutils.S1Processor] Calibration and thermal noise removal...
[INFO: 2026-06-02 06:34:34: eoutils.S1Processor] Converting to dB...
[INFO: 2026-06-02 06:34:36: eoutils.S1Processor] Processing finished in 13.35s.
100%|██████████████████████████████████████████████████████████████████████████████████████████████████████████████████████████████████████| 3/3 [00:08<00:00,  2.87s/it]
Processing row 605
[INFO: 2026-06-02 06:37:20: eoutils.S1Processor] Processesing started for S1A_EW_GRDM_1SDH_20210326T101536_20210326T101641_037168_046066_73C5.SAFE.zip
[INFO: 2026-06-02 06:37:20: eoutils.S1Processor] Processing band 1/2: HH
[INFO: 2026-06-02 06:37:22: eoutils.S1Processor] Calibration and thermal noise removal...
[INFO: 2026-06-02 06:37:26: eoutils.S1Processor] Converting to dB...
[INFO: 2026-06-02 06:37:27: eoutils.S1Processor] Processing band 2/2: HV
[INFO: 2026-06-02 06:37:29: eoutils.S1Processor] Calibration and thermal noise removal...
[INFO: 2026-06-02 06:37:33: eoutils.S1Processor] Converting to dB...
[INFO: 2026-06-02 06:37:35: eoutils.S1Processor] Processing finished in 14.46s.
[INFO: 2026-06-02 06:37:40: eoutils.S1Processor] Processesing started for S1B_EW_GRDM_1SDH_20210326T110431_20210326T110531_026185_032006_4319.SAFE.zip
[INFO: 2026-06-02 06:37:40: eoutils.S1Processor] Processing band 1/2: HH
[INFO: 2026-06-02 06:37:40: eoutils.S1Processor] Calibration and thermal noise removal...
[INFO: 2026-06-02 06:37:45: eoutils.S1Processor] Converting to dB...
[INFO: 2026-06-02 06:37:45: eoutils.S1Processor] Processing band 2/2: HV
[INFO: 2026-06-02 06:37:46: eoutils.S1Processor] Calibration and thermal noise removal...
[INFO: 2026-06-02 06:37:50: eoutils.S1Processor] Converting to dB...
[INFO: 2026-06-02 06:37:51: eoutils.S1Processor] Processing finished in 11.51s.
100%|██████████████████████████████████████████████████████████████████████████████████████████████████████████████████████████████████████| 1/1 [00:02<00:00,  2.21s/it]
Processing row 606
[INFO: 2026-06-02 06:40:42: eoutils.S1Processor] Processesing started for S1A_EW_GRDM_1SDH_20210329T202037_20210329T202137_037218_04621D_7A03.SAFE.zip
[INFO: 2026-06-02 06:40:42: eoutils.S1Processor] Processing band 1/2: HH
[INFO: 2026-06-02 06:40:43: eoutils.S1Processor] Calibration and thermal noise removal...
[INFO: 2026-06-02 06:40:47: eoutils.S1Processor] Converting to dB...
[INFO: 2026-06-02 06:40:48: eoutils.S1Processor] Processing band 2/2: HV
./run_preparing_data.sh: line 3: 3015190 Bus error               (core dumped) python3 preparing_data.py
./run_preparing_data.sh: error reading input file: Permission denied
cgf@ampere:/dmidata/users/cgf/landfast_ice$ tmux capture-pane -S - -p > full_capture_tmux_2jun.log

